Age,Income
28,28667
39,48929
34,88143
45,128510
45,25290
30,59025
30,37725
46,29000
58,41293
50,44013
32,40468
36,167355
41,93143
42,24809
32,24628
37,24238
36,60621
21,69375
45,43621
50,30204
32,98262
39,47635
24,60296
32,40975
55,24073
40,72920
33,71693
45,28504
31,39603
38,11624
50,97393
34,13108
46,48468
26,43612
42,96471
42,42742
28,42391
54,57874
34,45302
52,84897
24,107063
28,68063
23,133813
41,135841
38,67937
37,52763
23,108890
37,65513
31,6449
36,164292
25,22986
39,30545
38,45415
21,62678
39,18376
53,41085
45,46285
69,98317
58,31865
45,5310
30,58072
39,63981
35,32755
28,43125
33,195337
23,41647
34,42758
64,7560
26,38132
26,16867
43,49690
38,64113
35,65635
25,160747
29,46528
52,47399
34,29714
37,14850
21,109191
31,42418
34,86996
39,11110
53,15236
39,31511
42,36497
27,15050
43,153748
47,19031
40,20012
34,64245
27,82285
38,17430
36,93895
57,45993
35,21646
36,26455
37,67035
47,17736
23,119613
41,37438
44,18469
42,53089
46,56636
37,108489
60,43052
26,56740
22,44306
38,57309
25,56702
57,110296
31,136176
28,77658
35,14254
53,195212
50,29396
29,83543
32,118832
28,35326
52,34984
42,84770
43,76682
52,104626
45,47031
39,56446
30,35989
27,70289
31,134162
40,64786
24,31023
23,64375
31,87370
38,73335
49,57889
30,47007
27,66785
26,35510
71,44198
27,53470
31,46844
38,38722
21,135774
52,21746
62,20603
37,62752
25,42462
31,13438
43,34807
26,70706
37,19831
30,70124
62,19855
41,72027
29,119060
25,68255
45,40923
45,19272
44,22945
53,32607
40,14297
38,39958
28,183897
42,84185
57,29478
51,26599
70,50484
47,27486
37,5936
34,137696
51,94946
61,15597
38,60198
32,89260
31,11654
50,87386
28,13927
43,51023
32,35923
46,22265
45,66622
42,59358
39,8031
36,146595
48,12096
42,29580
34,83515
22,57727
32,46167
43,34315
35,54761
32,74711
40,74701
26,32169
27,60046
43,70128
26,39725
32,92213
39,67502
25,63319
46,44969
56,15415
63,96920
50,112170
39,32079
55,105786
43,39010
42,15518
23,42370
34,63419
30,121034
31,65870
24,37796
44,15668
36,167979
40,15000
39,23066
32,86476
34,115700
34,61636
35,60437
64,128396
32,129186
21,55603
54,37220
50,87940
32,36361
39,35490
32,26031
28,39245
29,97383
34,92532
24,73854
40,22620
44,116831
55,17317
33,30050
31,70699
32,48705
47,116592
52,155336
34,17661
20,31852
23,41972
26,71254
38,22930
25,70427
31,165394
24,40537
39,79604
22,116408
49,57613
31,23210
44,18804
37,31547
23,63299
38,52643
40,33840
28,24798
46,37617
39,81125
37,56034
39,94918
41,112591
29,33633
45,150313
49,12028
43,26312
41,16763
35,9383
49,53596
41,9137
31,8713
36,35836
33,153165
22,27098
38,79077
48,75615
57,11646
41,113866
24,175792
33,112754
23,97795
27,61485
38,13654
27,23569
38,163277
36,89985
49,135755
42,63917
52,44861
30,26241
29,32563
42,131542
52,17779
64,66426
40,56102
31,22015
39,70587
47,44487
39,55019
26,16793
30,11124
66,24340
34,21432
38,102393
36,64444
28,163977
27,94696
36,77319
67,23957
33,113599
42,87906
27,32182
24,46922
27,55549
27,16991
30,139456
37,115495
45,129972
50,183642
40,25159
48,47892
38,62116
42,73445
37,137049
51,124668
23,35934
45,101392
26,194726
24,23918
24,118621
23,6306
36,18235
33,73612
85,106844
25,43335
31,57464
76,60610
33,36997
50,116066
38,138803
57,148889
51,110426
45,63200
22,112821
59,128298
36,19098
28,193845
50,42958
29,27500
26,51084
43,190731
61,94201
37,108634
34,113874
22,84486
39,19577
59,16616
60,20663
54,7070
28,30220
39,58211
33,106500
32,131484
23,96476
49,28098
41,94604
25,134211
51,28730
45,101500
31,81267
47,19110
36,106142
22,72295
34,41416
34,48244
29,56335
47,16579
43,27047
38,63104
36,63814
35,118033
30,104494
39,111010
44,26461
30,18976
36,39164
25,92423
42,54481
51,46807
38,26163
71,74687
27,63459
21,12198
35,16064
55,66903
48,32855
35,16597
52,53273
29,42553
31,104317
42,87589
43,146507
22,111837
30,196440
38,117257
55,30830
32,58217
26,67554
36,169827
42,86655
31,19386
49,14202
52,70270
44,122028
30,27181
55,12549
55,72207
43,45053
53,55195
29,14558
36,109622
46,84749
58,116413
40,24849
53,27986
41,38962
23,28771
47,65202
32,12826
55,36158
35,92069
26,43011
59,6177
21,15038
41,151716
26,5869
27,22170
40,87742
64,19600
42,59730
44,50460
34,112173
26,30791
28,15378
44,39790
23,30003
35,8043
27,100384
39,51840
37,42528
38,18184
47,37751
55,31122
28,40520
42,43900
42,41572
30,49359
53,93125
37,111912
37,22306
31,52450
32,20585
31,48916
63,110544
28,31291
41,6971
38,6491
23,40057
37,31707
28,32339
25,17662
50,131123
22,38280
60,20488
31,65453
33,10455
26,92225
26,13263
33,62219
39,23169
26,31018
62,16671
27,13156
44,72584
35,67842
44,5456
31,123748
21,54367
35,7399
42,9257
24,56217
41,19009
32,68831
38,29023
29,14878
30,18178
55,75746
47,17749
26,36804
40,98945
51,80943
43,47232
36,9040
26,25450
23,78206
47,11425
26,38139
36,94611
50,63825
23,120872
41,18129
35,56644
27,7505
24,19459
22,88344
29,79651
25,46281
33,74867
23,19024
54,27368
55,53769
46,24845
28,76826
38,75961
52,53198
60,70468
24,102989
31,22909
42,34998
40,75120
40,42911
47,10219
42,96723
31,169920
27,95150
44,41578
32,19478
25,31070
43,56222
50,33424
23,13759
27,40698
34,65854
32,59745
23,85509
25,35209
34,150814
24,82210
47,28936
49,14116
26,79987
28,122247
34,10689
61,15896
45,108526
26,68077
54,123775
47,91366
33,73408
26,35275
23,56869
25,41503
51,104206
27,34366
32,56803
40,37033
39,129117
33,61075
32,7584
24,28589
34,63536
42,109782
44,25266
28,86170
49,157847
22,101913
52,21033
29,57041
26,43804
31,96543
48,24361
47,35230
32,101627
29,111736
37,91091
30,9678
22,38540
39,18507
36,70905
23,25238
44,12975
66,14491
46,125955
32,22028
31,25173
32,33625
34,80939
38,81444
39,44261
27,28485
49,55814
42,105457
27,28570
49,196483
22,46300
40,33300
27,50330
30,64041
32,35321
21,44997
34,129931
46,53586
41,38648
37,111603
37,93668
21,137492
39,80089
67,54242
29,29005
38,75685
48,30430
45,42163
31,124085
32,146119
59,40512
29,30602
28,95309
27,7480
36,41490
30,182079
37,7843
24,92792
33,56857
35,93442
45,46989
42,13858
29,9052
22,34698
30,66942
33,39689
21,47242
35,16040
48,33109
54,29951
29,39533
68,33859
21,23957
31,44976
45,89371
25,12450
34,70958
33,30314
47,114757
42,33603
32,18728
22,21837
42,31299
34,35203
49,52599
38,154582
56,66071
50,8058
35,88615
21,66410
24,129968
31,28760
38,70790
39,14262
36,27789
26,76678
50,23717
43,57036
32,62282
47,42127
25,46665
24,24270
36,146358
55,76089
27,85324
38,43431
24,91924
27,23444
24,130666
52,23905
34,43440
25,16108
41,90480
36,139020
33,35059
43,155470
27,45597
33,63013
30,32614
31,32467
27,34839
35,50428
39,43863
24,83332
28,21767
30,15246
42,50181
31,110001
34,30078
42,24343
27,12131
34,92291
39,135584
54,63203
32,123796
47,124013
40,130370
42,97938
43,147565
61,39223
29,57495
23,25743
29,106646
23,6630
42,92285
47,64646
55,22664
35,61965
36,90573
30,29623
25,55903
46,17978
26,148123
46,178562
50,139201
36,11944
53,71638
33,51451
28,42137
40,31725
33,17698
39,71157
34,61437
38,27234
57,85782
37,47837
52,8592
26,26523
20,118827
39,51183
37,90049
45,31228
47,106381
57,15618
39,47969
30,71346
47,77647
33,20904
39,75945
39,10393
34,107381
28,121168
34,41171
54,108137
41,22048
24,48102
38,70608
26,8197
95,52485
75,9312
42,108146
32,189248
33,34960
54,90711
29,114152
41,50912
35,31738
22,59845
25,90469
51,26945
51,37051
53,18144
31,81038
31,17158
40,41007
38,16450
65,49619
39,55549
27,24827
47,79026
47,22193
25,55601
51,44638
21,40828
49,72156
52,93929
48,14153
40,59185
31,10281
37,74965
29,53037
50,73834
27,30858
32,34870
44,11803
31,85075
39,137053
29,137873
50,34036
40,17252
35,22719
29,61823
47,70535
25,28599
28,48941
29,113952
38,45723
39,30992
64,57441
27,28399
46,52527
27,124553
32,185514
58,46118
26,40213
30,75074
46,59773
60,26418
25,34174
38,87641
33,28682
52,62062
25,38642
27,68919
23,24284
31,9766
28,96141
21,41153
26,10689
25,38444
43,22007
29,43142
52,113817
31,73633
50,130719
29,36443
33,72682
37,51885
36,6699
33,27385
33,26290
32,23486
33,26158
35,5818
33,10154
40,68738
50,56828
38,27852
34,45965
30,46330
49,61405
27,29217
38,22788
43,26122
43,33746
33,96726
26,124154
44,87239
37,30414
43,105086
38,156871
34,42501
55,73764
70,17196
37,189945
43,108282
22,29729
49,81200
78,88910
31,88731
48,49108
39,117185
34,52483
36,108332
45,73739
29,85201
35,20415
48,95056
41,56368
32,8846
26,25617
33,66702
55,150278
41,42201
34,56441
38,89055
23,90209
72,11399
39,38204
45,96981
55,104497
32,25501
46,11535
50,17654
41,61147
38,185456
51,47655
34,125026
29,122263
46,10287
42,23780
33,87880
21,8581
58,67001
39,86561
21,45019
36,20624
38,70006
31,19407
35,28668
36,113736
38,18478
50,56496
47,120757
45,64094
37,80097
39,26788
43,43611
38,28113
45,89650
66,38076
45,109909
39,37822
27,72634
35,58838
30,18035
27,30710
45,78150
24,60021
24,69636
41,119154
36,180026
34,171426
31,60631
21,107062
30,81873
30,85379
23,61452
46,48453
31,121157
51,15030
46,42436
59,69503
58,84999
38,18321
31,83479
53,115820
23,64561
29,46760
32,56033
33,14059
56,81537
38,11328
28,111820
38,27435
55,33592
26,135514
64,60006
27,63881
47,26589
41,94431
33,33706
28,46958
45,71289
48,72784
37,31278
33,11470
22,90274
27,48478
46,103866
34,64131
32,56442
31,139201
42,20127
76,20188
37,13868
51,34576
27,21780
50,66512
42,71135
34,111481
49,43969
29,24861
37,46809
22,163177
33,26577
32,50114
25,34957
23,15058
32,27781
32,42729
72,47666
56,81088
26,58193
36,29414
35,109419
33,12087
55,68566
36,100256
46,37808
50,42960
44,70917
35,38080
24,29767
35,27287
28,123863
28,162819
27,53576
32,64992
53,38531
34,85087
27,14712
44,43234
23,96126
24,83440
23,24576
35,14563
39,19995
27,60486
36,7258
42,102527
54,121936
37,19202
61,111730
37,99317
21,32055
35,99379
36,178134
27,39021
40,75720
26,23633
35,87756
64,37868
26,18758
24,82816
24,9373
25,179347
47,62299
39,33438
45,14152
24,57509
61,58507
50,78915
39,36407
54,7188
33,12241
35,12325
41,52062
30,93493
41,29496
36,57379
45,54220
28,79947
43,25235
35,24024
33,64109
54,41036
27,43099
26,153820
33,17590
37,22443
56,126956
31,41732
25,66538
57,75568
49,38731
22,131270
26,21983
47,23807
26,82488
38,67393
35,168116
31,33356
23,32618
55,49889
52,97733
43,124456
40,15398
33,42925
61,16367
42,28934
36,157867
31,59236
26,42996
61,38693
30,61256
28,43090
28,19493
44,14094
56,13975
36,57427
40,36029
32,11854
26,31349
41,44041
33,49655
22,45480
36,37540
36,54454
29,52915
20,56862
34,72339
36,21164
24,117319
47,80055
29,16555
21,64851
29,77791
24,152773
47,37264
42,51969
29,92132
24,52487
34,94017
42,100476
42,58051
28,49938
43,15586
58,181533
36,42650
34,125058
22,147240
36,5322
41,7653
26,43675
41,44598
23,14212
34,9243
49,31891
34,15359
25,60916
23,25533
25,42138
35,11889
41,64065
25,15271
47,6684
45,79774
24,113067
31,47920
33,69989
36,35197
34,31472
35,50933
25,15105
32,75801
22,59441
34,31501
51,10243
45,41147
29,109801
43,42229
31,30582
36,15426
23,133483
38,41537
30,66720
30,184675
26,59288
51,136779
34,57756
40,53432
46,46685
30,43543
30,15574
33,93697
34,30984
55,119423
49,45587
34,109042
22,64158
25,13587
28,6965
29,17082
47,84195
51,55584
22,45981
38,28412
46,36523
34,100802
36,26798
30,23938
40,78212
25,45190
47,36742
46,78375
28,29565
40,41116
47,41777
35,14686
38,141653
25,111841
35,45213
51,113595
35,19709
35,16369
28,81317
23,134449
39,66146
37,115529
25,113167
43,55326
28,27342
32,143502
35,70485
40,147598
39,83704
44,59583
30,132755
36,18595
41,10380
36,60144
44,21018
31,154686
37,58542
29,82582
34,25401
46,12452
25,37298
29,87171
45,12914
38,123078
47,51618
62,52472
59,110515
57,22081
37,88255
25,76345
43,76536
37,16896
43,77042
35,17228
27,20578
73,59850
51,76558
46,18275
33,57033
28,93350
30,48859
39,84547
29,27843
46,49138
22,54615
35,6636
43,60944
41,23040
34,51983
42,145419
32,45698
29,61456
45,117677
43,36242
42,69414
22,90242
29,27089
32,77250
38,15568
25,38925
29,97371
46,58988
44,33625
46,56278
30,49884
45,46647
29,39267
30,40338
48,15297
43,15739
31,13770
38,31906
42,38614
25,178900
23,37355
49,27290
39,31663
50,136246
25,63976
49,39047
23,11824
58,86442
29,68034
44,40179
33,16570
33,37857
29,20541
36,37002
28,170900
23,79320
32,174669
42,31431
35,18723
54,126966
27,17377
42,65685
50,67004
26,50983
61,196107
44,48058
53,22677
23,92773
30,115818
47,9177
30,26831
23,16464
27,52051
21,146719
45,25507
32,107629
44,55625
23,84509
24,45828
45,29239
32,7472
25,57871
33,54627
40,58876
34,70679
28,59441
34,12941
43,85109
25,5134
36,24974
48,33571
70,49069
39,15877
30,177653
26,33170
21,51560
32,79456
35,38075
37,19737
23,77482
24,49801
22,88711
36,18623
30,48666
34,73483
61,11372
46,59508
30,41457
37,174286
28,70738
45,54422
25,118212
48,83459
29,49145
34,12999
34,43015
25,71745
52,163011
27,51254
52,84936
21,86577
27,55094
48,11364
31,58399
48,76601
53,23333
52,55590
49,138157
48,44677
29,78846
48,62156
39,63578
65,82460
39,17969
40,114288
40,66637
37,19202
28,56908
63,38285
25,52213
44,61505
36,78054
30,51183
29,27900
36,72099
55,90409
38,24612
67,108759
34,92536
34,21438
39,54411
52,6545
24,62706
37,58172
27,128386
42,47638
26,6918
20,38099
37,57304
21,87780
37,27949
23,8915
27,150732
48,63983
46,119454
31,57847
33,31776
34,7799
22,39766
39,83836
46,59990
29,53679
33,22636
36,26714
36,16617
31,57855
25,63349
40,77263
27,75730
28,117078
23,80967
53,56624
47,71012
27,104293
49,24381
36,51184
26,84106
25,47822
29,20408
51,87006
34,95914
42,47524
33,145807
39,26393
42,67108
36,183726
44,101413
47,123260
37,12767
37,50526
38,47911
22,41242
67,62250
24,22185
47,17404
26,87946
27,36586
32,54435
29,78180
28,15294
37,129470
35,12714
25,69785
36,123650
28,13266
35,138698
30,66626
21,108284
51,102077
32,49233
34,74637
50,59938
44,138395
37,33822
52,50306
54,61444
35,42445
38,141238
22,31751
26,20491
33,5170
47,138350
35,80991
42,74194
40,69902
40,84474
44,15876
20,62487
31,13501
42,79404
25,144898
36,16027
51,42289
59,129396
42,54947
44,48294
32,58961
29,69859
41,113463
27,91471
35,149452
22,179757
44,39245
28,13417
48,88696
45,54948
27,53452
51,74121
25,37862
28,15911
32,37750
27,100194
32,29327
38,34541
27,26259
45,14652
22,170889
21,56240
31,140303
36,24260
39,17510
50,51185
40,30260
22,88059
42,37302
51,57201
44,17689
30,69349
36,44687
26,49261
39,32621
42,34199
24,71859
33,20571
36,116933
46,124412
25,40668
35,46899
38,39927
37,93765
28,22165
38,53693
45,82288
76,42069
23,113486
23,77014
37,11191
39,14909
24,30663
42,45471
26,7805
28,32492
45,13148
35,10556
31,62875
32,28157
44,101278
27,67807
26,5714
36,141219
21,11654
32,49083
32,7976
36,51670
36,34208
32,60792
28,182226
27,56203
37,12651
34,72144
49,103998
53,5048
50,70571
60,7011
28,14678
43,16541
38,9982
38,39391
35,37098
38,98545
24,46487
21,78374
35,39308
45,64677
54,49299
42,44245
26,27082
42,34752
39,70627
33,76014
45,25392
25,64203
33,58828
43,105536
21,80051
54,63282
35,56495
24,33994
53,18583
26,105205
51,7508
28,86325
55,12824
36,89434
32,55669
27,48373
43,75947
48,25520
31,75433
63,53936
35,37030
38,42356
26,68898
25,29776
25,12711
44,17555
43,66607
31,106006
48,21106
37,101709
47,39142
28,71259
30,47444
38,21142
54,12759
23,57094
47,62935
27,74345
34,19672
32,65506
24,91615
45,52056
36,26855
27,31615
36,14555
38,50805
34,55955
26,77615
59,57911
34,68336
26,39338
40,20444
38,75636
29,43523
30,130377
46,10220
23,110060
30,57471
55,19219
48,10219
52,99651
38,63706
45,54026
32,78913
33,58106
33,48619
34,13576
42,66084
29,10909
27,78438
28,87521
43,78977
39,37792
45,14747
45,31446
26,158608
25,70398
29,23763
40,24242
38,28220
51,79690
53,128232
27,81584
26,64071
21,57964
30,14680
26,44801
35,120272
28,67094
21,98434
51,40806
75,89125
46,76525
22,23190
37,73910
39,62756
48,86717
33,21415
30,13788
44,9735
45,109586
45,102385
57,26989
33,12916
40,49143
36,50852
34,55352
33,30538
32,59218
48,35060
35,87830
38,27467
27,79426
37,17478
37,27182
36,46783
40,20599
37,134109
31,92435
45,30385
37,116998
34,70053
31,62996
54,34236
55,48769
21,100321
25,8980
26,82970
39,61131
30,10905
38,73469
37,23831
28,67462
40,51206
56,29500
32,47024
22,28361
35,53743
24,81727
36,28338
41,19586
24,32206
29,76603
36,45624
37,42920
36,28212
46,25034
31,79578
25,57077
37,68279
44,34769
34,20688
24,5599
38,52066
48,100503
28,26196
53,96269
25,46046
26,52489
20,143629
45,119205
37,13255
40,21568
36,108860
46,13639
29,42275
37,137604
23,127387
26,102098
26,103421
41,92658
25,61534
44,31365
35,90929
42,13438
32,123803
44,11062
47,6199
54,47427
28,82760
39,40272
22,87288
30,80910
23,70296
25,59156
31,45860
24,16239
38,35779
43,8092
44,128881
42,60851
25,85489
30,87126
30,32031
24,49703
20,90080
30,40686
22,68046
35,46957
37,63016
28,163616
29,104929
40,135831
22,57909
31,106395
35,17946
36,44564
58,50551
44,62562
46,46242
31,52210
33,53986
41,27713
42,116711
25,79527
30,7869
22,78908
33,19418
21,73269
41,34399
49,11083
33,30005
30,147816
25,10785
46,32113
35,122508
50,105960
27,35731
29,13340
43,85245
24,23076
46,72713
49,26892
22,29857
24,81459
35,53851
28,16077
29,34415
34,68982
29,46622
47,82490
51,124801
46,8616
59,56818
41,164009
23,33969
50,36255
56,96898
60,33643
44,15215
55,28138
25,25015
47,10888
43,32830
59,41572
26,49955
30,63271
28,29005
26,15164
30,28578
24,81162
28,105643
57,29449
60,100077
20,61944
28,154375
54,49877
41,29980
46,93715
67,40270
24,56187
38,35259
49,57898
29,88834
38,93768
62,63741
28,35859
30,18102
36,27247
40,59209
39,39976
42,21014
31,36079
34,38937
31,73278
34,42228
23,121879
57,31552
27,63332
24,34225
55,55340
48,75693
61,52580
47,105984
22,53723
38,94933
27,87874
38,81029
24,18907
35,66169
49,11651
31,31725
32,14142
53,35709
40,32109
27,27310
50,83349
25,43721
38,62263
40,12557
31,95847
27,9356
40,27366
33,15496
47,126133
29,45057
41,29620
38,89409
24,45201
23,76051
49,97534
27,58885
25,126077
25,11425
30,27048
37,24123
49,65585
49,103487
32,79825
25,24442
34,96811
57,9600
23,18716
31,46481
45,52258
46,15906
48,13298
37,62605
38,53243
26,62932
22,31670
27,67241
44,28635
32,69519
30,110840
29,32186
50,24995
32,169863
51,39644
57,52985
50,95445
32,144929
40,64447
34,36175
43,27050
42,34305
34,19065
33,47424
39,15983
40,10402
25,68402
42,81098
32,30256
34,54529
31,108183
38,150003
22,31344
62,123413
61,139630
30,13607
40,105884
45,49283
56,80209
41,48365
34,59499
48,19000
47,101208
54,74816
42,80021
46,29447
58,9713
33,68496
43,53240
26,41107
28,38015
50,118165
42,17772
42,19470
32,199460
38,82568
24,53895
38,71624
27,23357
34,32383
29,72629
26,15697
51,68523
53,19401
39,48425
27,95217
43,76618
67,25944
45,31673
63,47449
46,42131
34,31366
35,32931
44,139173
46,38160
26,91697
24,107061
32,62782
60,74300
41,83421
22,113173
28,38370
43,44335
41,50645
23,43438
32,123809
44,118176
49,57081
58,7679
50,18346
49,21730
42,62120
41,45846
33,33405
27,92978
43,29636
44,82094
27,33084
20,24733
36,23488
44,151640
34,19306
51,47113
37,133883
51,16559
34,35334
41,84251
24,51548
43,33286
41,172488
21,21982
41,60216
45,24241
47,17448
71,57655
38,137987
49,103384
25,19115
27,109319
31,166524
58,21570
25,54912
36,27114
67,20900
39,27003
37,169702
29,108330
35,102739
35,88002
37,110692
33,33371
27,97268
27,42209
44,52686
35,102553
43,72147
34,45742
43,20948
38,25064
26,92683
38,29587
30,38756
40,27354
40,95317
37,5724
33,7790
30,93916
46,37065
52,27202
25,78636
35,43134
33,23526
41,30897
37,46096
48,57219
21,24469
40,15714
26,77332
44,13233
29,97680
28,59129
33,93273
24,12035
35,120729
32,52554
24,31709
26,10160
53,20961
50,99507
45,65103
42,160272
41,168443
40,50390
33,137402
44,46982
29,8989
42,64662
31,108328
45,48098
39,45298
50,32033
25,20212
37,24927
53,60977
39,13484
37,94702
31,10064
47,35166
29,132735
30,26713
39,35891
33,54717
33,55165
37,72097
50,185788
44,56915
48,41902
48,16910
37,31381
37,15275
21,51064
39,50860
53,28234
28,72679
31,46730
30,19957
51,52990
47,56367
30,100112
28,40820
36,46316
21,12202
34,144397
25,66611
66,43642
57,76270
44,35804
40,81505
28,20581
27,94691
26,129234
34,49066
20,127333
31,122879
39,28764
70,112009
36,69573
25,166401
23,23871
31,36271
37,58826
48,72007
23,15363
51,119626
51,69464
34,95178
52,27283
27,25197
43,9040
35,81116
61,40173
36,12556
49,85129
47,77541
48,24221
28,75379
54,131031
42,104806
24,116021
50,50723
32,14703
72,24402
35,55491
46,73822
42,83069
59,11364
42,31402
36,47303
62,34545
43,130919
36,12972
31,125372
32,27977
24,29701
44,24155
54,19079
34,39925
36,74774
21,131397
34,48814
27,87372
35,100559
36,30388
35,74483
45,58239
23,140516
42,40929
37,53785
32,52905
56,15653
44,113911
46,12944
39,81369
37,8341
42,55253
37,17446
36,87450
29,9781
43,57075
73,24557
41,38776
38,40102
32,71861
24,17789
42,25804
29,30157
45,103379
32,19271
24,11881
45,13548
33,51258
32,45481
36,62301
47,33982
31,43696
37,123779
31,36591
26,39935
27,53515
24,38222
35,61671
49,30686
25,108724
49,7845
38,105916
53,97741
27,24098
64,115330
40,65101
26,114540
25,9003
33,45507
34,43437
47,65223
40,47700
22,72426
52,89212
37,56709
24,71636
39,26191
35,14173
31,29335
30,57263
57,34935
42,78207
30,35675
32,58080
35,14386
23,26502
31,32458
32,176441
39,21715
22,54279
53,60844
29,170649
26,69741
55,53712
44,172584
57,97079
49,39648
49,46805
33,87727
42,73420
26,106619
64,81856
30,18229
23,90322
55,93028
40,115370
32,93387
37,7678
50,60198
50,34311
62,12622
64,40073
34,78741
24,22240
33,62191
56,38768
36,17671
45,112718
49,88270
34,35508
41,39607
30,20365
28,118372
47,130331
36,19730
33,31500
23,16128
26,51267
42,86551
31,12395
31,80064
50,16904
49,41732
43,12428
30,21674
32,89719
30,16620
40,51515
26,44214
32,65578
34,65672
33,97731
47,42026
61,59599
54,23128
25,68573
26,83012
63,73810
26,30130
52,15861
43,84791
32,72026
21,10004
40,35864
45,42779
54,57623
25,7251
24,43093
51,31356
42,40810
28,72652
43,106349
63,68564
24,96867
42,64307
27,123809
49,57695
39,134293
31,45455
29,57569
41,36990
40,46829
38,36482
40,91227
27,146913
51,48627
34,101222
54,14223
35,15617
39,10433
26,43010
29,34515
22,95383
24,15441
27,24430
32,75020
33,75333
42,19692
35,68555
50,120649
36,101224
64,48534
34,84175
36,35022
56,23382
36,17325
32,52909
37,33032
35,37692
56,33305
43,68369
38,38008
55,66968
49,20644
39,10136
44,119132
46,41911
46,35280
25,53705
22,49889
32,37984
30,11248
23,33195
24,64404
25,75188
39,55411
28,37707
50,183574
74,50624
45,37316
43,30606
30,105743
42,22727
40,18316
26,110286
24,79503
31,15720
42,53448
38,9977
42,78478
50,11738
46,29813
25,16017
31,34228
31,47894
40,120214
31,8579
28,33671
22,11041
49,80175
25,31333
29,44710
69,10146
47,96861
29,13997
23,35699
28,86071
40,6141
44,122434
44,22036
23,178997
39,39470
32,38017
27,21515
34,111493
30,101145
23,128285
47,89796
46,20117
32,39982
44,15419
22,60664
42,37327
26,111333
40,32976
34,104399
44,38125
28,85993
32,55368
36,37942
30,39865
41,71019
22,104642
31,110547
25,21623
28,47360
47,20277
24,46932
36,56440
65,63445
34,33763
40,16524
34,44408
37,128682
45,72898
27,77287
38,30171
38,55979
27,11499
29,62298
28,43835
30,32161
38,46248
38,20588
45,56425
33,7576
41,87681
49,119567
31,23030
23,21796
45,30159
40,106083
34,58622
21,14651
33,31536
23,139750
37,30393
28,13234
30,127717
28,8607
31,115906
20,74172
30,43881
57,27435
34,73531
37,47535
39,30312
23,110991
26,58983
36,146185
38,86121
30,20091
22,11639
50,16939
53,55376
25,99229
39,14904
41,47672
23,103563
25,50242
31,95224
38,11995
54,42276
25,137291
33,135565
44,8982
45,105961
21,51616
37,9065
35,66819
31,48797
68,108643
39,87959
48,48833
35,46256
40,82911
48,97158
41,82607
26,51198
27,19902
53,52951
40,60414
53,82712
37,48501
44,121286
23,88647
31,28555
54,29827
38,43705
42,127879
39,58911
44,33344
54,7655
43,91485
28,21285
53,47710
37,119014
40,138286
35,47673
37,99484
47,42384
38,22974
35,72078
38,124609
28,27846
59,15545
33,82205
47,9632
32,107386
23,92898
48,102972
26,51137
21,10258
27,24475
34,34856
27,58876
29,89623
26,79840
30,78576
44,81057
24,47460
39,21807
27,27375
56,51140
22,41548
32,50121
26,81899
45,106399
44,40503
35,76233
22,85711
43,55022
39,46597
27,13814
39,69897
51,138039
43,55761
23,40629
27,60524
38,5707
23,70169
34,109840
23,103225
55,68252
69,38222
37,65863
47,78872
32,10898
30,112496
29,162331
53,32049
46,108800
39,24096
46,72255
45,145477
35,75904
26,22124
22,34259
54,114588
26,58465
40,16001
36,156454
33,37887
26,24428
27,111472
39,28587
48,60774
37,37103
31,25302
44,109407
27,9221
37,47332
40,15411
45,74056
48,45246
47,173479
34,65860
27,73313
37,7535
51,56951
42,30124
37,62506
40,28564
22,71189
28,24897
52,73609
28,6097
26,170583
64,128830
29,27467
55,122389
34,29248
39,22772
40,10142
33,84311
63,76848
34,128193
46,25878
60,36094
38,14737
40,72622
39,66713
40,27422
47,56665
24,46725
30,47295
30,89311
72,175512
40,105353
47,170378
30,50519
30,63510
39,29373
38,9660
32,10887
30,6102
25,11437
27,23336
29,40979
57,27456
38,37709
33,24113
36,147189
34,173286
27,145405
42,54262
25,60747
24,17618
56,56459
45,9056
49,30809
33,19867
35,85800
41,55166
35,30893
45,26125
48,52346
47,36508
28,88732
25,91286
42,42705
34,48522
61,29204
49,47319
33,96456
51,9853
41,42086
25,84985
38,31990
40,77636
60,6120
28,32953
33,14492
35,15097
36,89174
39,96020
33,27577
23,44377
48,66947
41,152155
26,44157
38,39842
42,5698
33,52328
47,138771
40,64511
55,49769
34,6440
33,26304
27,26468
32,66978
35,8688
31,58897
53,13529
34,20542
41,77066
33,34669
44,67170
28,117625
41,32382
41,77221
50,105091
37,38735
26,40988
32,53557
33,54745
24,7122
47,84149
63,44585
32,95103
24,17967
46,173302
27,28441
33,40359
64,26732
30,23720
29,81657
40,84143
37,11744
35,35107
45,121320
40,36818
32,61953
33,51612
28,36093
32,8431
39,67584
37,25942
53,23120
42,67192
37,79536
40,58878
33,82336
26,36464
58,113379
30,113793
43,98436
25,45693
29,97493
52,31332
42,95100
36,165507
27,22836
47,25593
37,39209
36,126368
38,105586
33,143141
23,42284
25,29446
39,55374
24,68238
34,120722
48,23870
47,33298
33,112428
27,56222
35,22364
23,39634
33,33898
37,86585
47,60089
39,143941
25,10313
39,63962
33,32581
31,108609
49,85430
76,55363
40,172187
43,49573
36,29580
47,20679
39,38026
60,104393
31,68030
48,26738
37,78118
23,71915
25,103200
66,132368
29,106307
26,48044
30,66243
25,109038
23,97676
34,150006
42,31430
54,8175
52,5133
31,8443
27,21593
45,54139
40,132713
37,55289
38,142086
44,30944
39,129624
30,115492
29,31972
34,60170
25,46397
43,132179
31,39286
32,93019
37,129092
29,53107
27,99599
32,45367
50,67192
36,56931
31,22273
38,162091
23,77964
56,135988
51,78431
50,11648
32,20069
37,148773
40,48447
45,64944
21,129977
42,37352
22,35196
47,55344
42,33426
36,74162
21,115192
38,32305
26,9079
25,56693
28,27084
43,28895
28,20314
26,74272
42,94530
48,20960
35,122353
25,74579
47,57690
31,88421
28,41657
38,86021
35,27479
49,79252
46,44423
47,93805
42,15578
44,35625
38,25372
63,80536
37,105253
25,107420
31,128112
38,30559
42,32642
35,97204
35,27540
27,34552
53,26257
43,32127
37,86146
28,106306
42,40002
38,5191
35,11739
31,21807
37,27379
25,21505
45,25365
36,17775
28,54492
40,69702
55,120440
28,100926
52,83833
33,146521
36,64175
39,49346
46,89997
28,20887
30,12732
47,94778
52,42940
43,35406
30,73934
35,40772
24,68690
21,49108
37,128480
58,17566
22,58946
24,79809
38,29191
30,150057
35,107879
31,39512
50,36795
33,92308
25,70013
35,83459
64,79200
24,89475
48,13824
65,115775
28,42823
23,88893
63,39382
35,39455
23,28066
51,67444
27,40594
45,56164
26,19979
29,42890
53,18312
31,62257
33,51992
27,19020
34,7027
56,20367
40,13199
38,127582
25,38658
40,56906
34,50940
52,18422
45,56903
54,23091
32,72382
42,68295
47,64206
35,11059
32,22597
53,32147
55,22991
41,7885
26,71099
54,120658
45,29189
35,23933
21,30606
44,62137
31,32627
37,56918
43,89669
50,37305
24,49727
30,46353
37,27872
36,24552
55,62332
23,56835
58,77406
32,93463
37,50672
41,24395
36,16156
21,84859
48,60265
44,172107
32,92264
35,12917
33,68219
35,62994
42,9276
40,34184
34,70567
27,87228
37,139544
31,42356
48,39703
27,26180
27,38889
23,43683
60,66184
37,63171
31,61244
26,33284
34,54741
59,65136
33,101605
56,90951
47,31787
37,50647
56,33930
33,19327
54,69588
35,140927
23,85723
22,48317
28,13880
22,35331
34,66053
31,33849
27,54149
46,45199
40,22402
39,16539
47,23530
50,75900
39,93520
30,5052
41,150025
47,163630
59,56627
23,23919
43,36655
40,50492
41,27552
48,12495
41,127217
44,131497
37,75791
40,21374
37,16788
42,10319
23,19942
34,149610
45,30514
47,58672
24,23517
56,51195
26,32245
40,11065
25,26139
43,78709
37,42938
23,13022
48,30488
40,20960
34,21514
25,5525
23,15858
30,110131
32,38166
51,16722
23,44615
37,69137
31,18999
29,144324
40,12308
28,29868
23,81483
43,48249
27,72275
26,29312
34,34378
30,21278
38,98212
36,58846
25,105449
35,91236
26,24547
31,20472
39,72574
51,23720
38,33506
43,51688
36,34248
38,82187
34,143913
40,69995
24,65451
34,62665
30,17364
50,79590
28,32264
32,47603
47,12201
49,68225
32,59974
24,29226
33,61256
31,42679
26,141804
50,58025
29,32157
54,22775
43,76495
32,44266
32,87016
24,50316
34,60783
37,190568
33,152909
27,17394
36,32815
34,12654
52,39138
32,103431
20,96162
28,25538
36,95890
44,87773
53,13312
29,130089
40,49324
38,38815
41,47797
42,101111
34,55002
44,9191
34,36680
25,21991
50,96113
37,24633
45,57097
55,73774
29,50103
31,16725
46,88905
33,20962
30,105699
47,56143
39,14619
38,75161
38,80744
37,154286
30,151167
43,65392
26,46998
33,88684
36,21028
33,41442
25,95862
24,16659
62,11583
62,77160
36,37078
46,12964
44,46867
35,41334
34,29344
51,46311
31,80034
42,46705
21,56120
42,41760
40,42939
24,115979
36,60640
56,46624
39,85937
44,34937
31,100283
30,41236
25,113120
32,62884
43,9085
22,96536
32,195986
31,31344
41,8169
24,33531
42,78384
29,39230
39,10026
40,66329
36,34968
45,74161
21,25472
26,85334
48,122598
40,32921
39,62269
66,35476
41,51597
28,51697
53,30545
30,52324
45,20901
36,8502
41,134747
37,54870
25,12608
38,116330
47,55408
20,180515
51,26261
27,56729
63,84749
31,43887
42,69647
32,96145
31,44989
47,48775
40,7174
65,82649
42,31181
35,32455
43,67161
39,20366
46,41734
57,10703
25,35510
28,40480
39,9696
31,19535
36,44800
40,55795
49,132621
41,172019
31,22460
36,57828
31,40835
28,64536
24,60783
41,110105
29,83838
24,175383
45,41799
55,49601
41,14956
38,13737
41,61815
45,139692
42,53295
39,83799
26,17266
26,84260
27,107284
43,49489
40,82811
33,52303
44,115992
39,172537
41,49741
22,32440
51,115377
43,54944
32,46195
40,40877
41,52376
41,98008
64,21642
35,42291
40,26742
53,93441
24,23176
61,32376
39,44501
40,36363
28,48741
44,120112
43,145259
30,51430
48,37469
38,37434
24,20102
35,73973
28,25808
26,64728
41,22827
50,99825
40,20155
40,30536
37,42724
42,56632
32,33172
33,142458
35,82491
32,53300
36,21447
33,165291
35,78789
45,50802
21,19688
39,39940
38,101340
29,73344
41,23253
63,90403
41,32185
26,50448
27,31706
32,60210
34,13186
26,105332
45,28012
26,96588
33,119747
68,74368
52,20424
34,43256
33,72574
23,42237
26,37786
35,86333
38,22500
28,33408
28,68079
35,8051
54,13526
38,29449
28,61054
37,11664
37,62569
34,68583
22,8327
52,120675
39,52821
37,47868
40,88247
27,76939
45,58551
28,13874
29,27086
54,70111
42,7976
34,26826
48,51080
43,105881
43,27345
25,62178
28,10459
47,47663
29,35929
47,38328
29,112760
40,64532
32,142237
27,7139
35,10191
34,76920
32,21617
28,50410
33,83886
28,49844
33,42057
55,104470
24,125911
37,45161
62,71201
40,26701
52,88153
51,21893
30,55048
55,42188
42,21584
58,61905
33,114787
22,141585
38,74689
24,82903
56,56537
43,47950
40,11124
32,135232
24,20816
49,46717
40,147334
32,35783
35,24049
36,6532
41,10066
20,68711
35,49001
32,32034
44,63545
40,41477
42,34200
30,89152
30,19190
30,56876
29,79568
37,82529
29,126092
58,122078
34,50461
39,69674
24,100423
29,86463
28,94987
48,80036
50,43825
43,39224
37,11565
53,120063
26,108827
42,23245
38,24987
32,103982
44,133110
48,110184
53,83969
25,112011
36,77109
49,76467
38,57847
57,39096
60,191330
45,139242
51,8828
35,10262
22,65609
50,21898
38,5276
36,5757
40,104336
30,15156
63,78792
21,30524
28,107002
30,38081
27,70756
35,50193
40,53504
33,16380
39,119380
38,62035
48,27330
36,25575
46,78479
36,52446
57,58047
26,27705
23,79158
55,55276
28,159098
30,6584
47,54364
45,79363
38,27343
31,25519
42,63373
59,157551
60,22028
46,26181
49,65582
59,48675
33,81269
40,13391
40,138588
28,58707
51,31712
37,137284
31,14670
32,32616
22,86430
44,75542
30,111084
30,32341
26,116331
22,77542
45,29349
27,10015
86,8016
28,74360
23,137267
35,15359
61,63322
23,48742
30,94653
50,57475
32,25200
31,81601
30,70535
41,13307
53,91391
49,44711
27,52964
40,22368
24,69810
47,103627
41,42759
28,39647
40,10021
38,68961
33,57156
38,143835
28,52060
26,129770
25,117745
38,32502
31,37599
48,8337
25,27580
35,14385
38,56142
41,29021
39,64810
33,26923
40,51521
40,30513
60,35340
31,125219
21,115765
61,56283
37,62276
25,13958
22,22883
49,175597
38,44489
52,7314
43,63172
61,83621
51,27269
36,60852
38,44944
47,59092
24,17797
35,147410
45,51684
32,73782
29,47173
40,7775
32,19869
38,69134
31,5785
56,19146
24,34830
29,98324
34,50845
27,47654
29,99939
30,115995
36,33007
50,12884
58,10910
58,51085
50,14276
52,47546
42,104903
23,37164
36,99795
64,78610
26,34552
39,164803
48,176492
26,61785
22,32515
37,54149
44,135943
61,76127
44,11694
30,116774
25,61390
45,32882
62,31165
39,5516
35,119379
29,33523
38,102875
40,20399
55,49855
61,60628
29,74824
62,6955
26,107537
45,117747
35,33719
46,97918
34,20939
24,30492
28,41532
52,48523
37,122504
48,25938
30,75430
40,42306
36,10952
25,157688
52,50909
29,43133
52,48510
32,14061
29,26531
23,46482
41,69588
32,5937
36,7238
32,103331
32,123453
51,47546
29,135603
22,36214
25,74682
44,125329
24,59707
33,80800
52,54246
42,27078
31,76245
36,20680
40,69478
30,42263
47,82071
45,31557
42,89860
35,109878
26,163678
44,34366
41,31189
25,96620
36,18839
50,68196
48,8502
40,60303
29,77054
26,33299
50,16609
27,20082
25,24604
35,54427
32,61184
45,36599
39,39773
30,5337
23,44804
24,149251
35,101369
32,123152
35,67422
66,70753
26,145784
31,53746
34,180927
38,17498
37,117307
49,82977
26,37735
74,25374
30,88591
27,35074
40,66773
27,46885
25,37739
55,58842
22,9873
35,77993
39,32269
37,38121
24,136548
32,91103
70,41531
25,116539
44,48823
22,34377
42,23884
34,34531
26,38153
23,25759
48,33722
22,41787
43,20519
45,68240
30,73823
28,128871
41,36897
28,102895
50,31190
36,101738
38,22980
32,46433
28,39342
26,12089
29,55491
30,47140
40,19253
27,23722
81,69427
48,17277
41,28178
22,59273
26,71863
46,110767
48,130240
42,36742
29,53742
38,14989
52,90207
39,39400
45,63761
36,121828
48,20856
34,23804
39,13384
36,97524
61,9687
33,22539
24,96658
32,12953
27,30695
27,35958
32,15856
33,50653
26,73052
34,8360
26,78534
34,71255
35,23667
32,183009
27,48520
35,19030
56,105814
44,34677
25,77907
27,39727
42,108662
36,37292
28,129423
31,95360
44,55025
41,139522
58,28878
48,18382
39,94356
34,9993
73,57632
24,77690
43,108711
31,30881
28,73684
32,102183
40,45558
36,118487
31,192787
41,76789
40,123894
30,90207
30,113949
41,136270
43,17599
21,38109
57,29950
39,94748
43,18467
48,26968
21,57791
25,15258
32,145826
23,115686
38,66239
41,34304
36,66114
53,23837
29,123903
29,28071
40,63898
29,54795
55,21203
30,14767
26,79337
29,81030
41,18524
55,27238
34,58883
23,77016
22,52277
29,20269
35,53865
50,131352
34,48935
31,23599
30,22827
37,119554
49,88565
38,21051
32,57008
37,42484
42,23382
22,67357
44,75985
37,62717
36,21103
41,68043
31,24800
32,50533
43,24706
35,82067
22,14737
52,76521
49,13020
26,31867
52,32671
36,15410
24,24846
41,48231
39,61617
27,64170
23,20335
32,121148
40,6919
37,131617
38,51587
37,85368
45,30672
47,32633
33,47019
39,62205
46,32673
44,68771
33,55695
33,24370
31,35046
43,61561
35,9530
37,11613
22,27092
21,93613
31,58902
41,81068
37,108667
41,117482
34,68703
44,115885
33,8893
38,30439
67,77068
42,16548
35,25279
40,145261
37,60865
24,185681
44,51321
28,119751
44,11806
26,101532
31,35656
47,106330
37,129029
23,19761
24,52362
36,36219
31,134361
50,39102
56,79847
48,35986
35,32607
24,51209
31,17685
30,17742
46,40182
44,147705
37,9425
26,97756
36,58641
37,15980
31,32556
22,88383
43,48713
30,22985
31,13867
37,64994
41,24674
42,67530
42,25576
33,39671
21,23285
32,85309
52,30388
34,66720
39,30243
32,10700
42,124989
42,148342
22,116762
35,32770
37,11204
28,47274
48,168168
34,105712
30,39515
38,35924
23,33884
44,86115
24,100337
41,61143
31,73302
32,111610
36,61124
48,31248
25,10590
78,51230
61,43980
40,15452
32,34113
36,62239
24,82260
52,67985
44,24130
32,27815
44,19431
41,53279
29,39151
34,57344
49,19672
59,16513
31,84065
47,51425
39,35868
29,6202
38,42213
48,39857
29,16986
30,9060
26,32608
45,57882
34,8762
54,10556
41,30206
36,145500
26,82106
35,42443
40,60238
43,142623
37,66360
30,84296
46,64967
34,31731
58,57779
29,35187
38,20693
59,108625
36,60101
26,106504
29,61171
22,52086
54,63679
28,41378
47,17739
65,22515
38,36968
79,7594
26,88479
37,106180
38,46055
25,18355
33,139087
44,81828
29,63883
45,67606
43,95050
37,189057
61,116713
44,115103
46,144165
38,71963
35,63195
23,23482
30,33000
36,101796
38,39978
32,10857
49,39650
22,24635
39,16406
39,53386
24,96850
30,38930
34,91229
34,95055
27,54133
33,18257
47,51512
47,72765
51,28830
44,97628
23,80973
34,92190
27,90916
44,88736
24,21868
29,42777
31,60083
52,129739
43,14155
22,10314
20,121953
33,63057
47,55762
34,39827
48,75790
25,19338
23,34967
51,17129
28,131723
41,12383
46,20314
48,125615
33,91618
63,67696
39,21631
38,61920
34,108073
34,34608
26,86216
24,31211
52,39263
23,46043
22,52850
25,11143
38,35635
31,77919
47,52418
30,176826
23,40828
26,87608
32,34205
34,5909
32,18172
40,40464
43,63002
35,11492
57,125023
45,37608
47,110338
36,106842
40,77499
28,16377
20,89759
27,33213
57,68527
41,30328
24,100055
43,37245
39,60316
26,50245
34,25400
41,75125
36,42567
35,44403
48,11559
54,144883
26,97240
25,162689
32,52501
22,20407
57,100711
37,14780
38,13567
35,62813
32,103432
41,117345
42,15470
29,92105
52,16363
32,9489
32,89033
24,20682
34,35695
36,58372
49,91047
31,20202
57,73752
26,53142
30,32704
35,86524
30,36715
36,42185
54,27983
33,56014
36,67272
48,68253
50,18320
56,184233
42,56630
51,7867
52,149895
42,24659
40,98983
40,8848
41,181394
29,47725
37,140648
44,39257
31,69069
25,64391
25,25041
23,126713
26,26682
40,16577
38,81628
43,7051
43,64741
46,47115
38,15197
56,42602
48,20561
62,59113
52,106850
51,109951
55,75469
58,22708
33,48761
38,53053
35,29302
33,52385
35,67691
50,65080
53,66022
35,33691
33,28953
49,23989
48,35574
31,104762
34,137326
25,105387
42,92233
23,19056
23,16748
48,66162
32,34440
51,79652
46,77082
32,12840
29,44704
27,20644
68,75829
52,139276
41,27683
37,11198
37,113588
21,13874
27,54282
25,10228
39,59657
29,90099
58,79436
39,67280
21,124862
38,121403
31,83235
39,39849
31,106540
33,43591
38,41951
29,61856
34,8848
34,84474
40,41750
35,25986
34,104751
29,71749
33,29655
34,73146
25,80613
46,91565
22,68487
25,50554
33,89228
43,38030
48,98289
42,26909
37,20300
36,51020
43,64948
37,25350
37,5817
32,9830
34,20328
30,37062
36,38917
21,60551
30,28865
37,43187
57,82530
29,62666
26,52467
27,64986
67,75536
31,64539
37,43254
49,31739
59,156044
48,15069
34,30573
41,37612
31,80946
26,120750
53,9657
32,11749
21,20966
32,12860
44,14604
28,17640
26,19184
26,9948
33,84432
24,123957
48,58491
28,32204
29,68772
27,153235
29,21891
44,19360
31,70654
32,29529
26,61375
26,48573
46,90651
36,47555
50,35551
49,91507
40,52613
31,36856
38,19378
31,31674
38,69576
46,39480
30,12392
32,47114
26,26601
28,64995
48,11230
29,119325
44,126059
28,36701
42,47914
42,78093
31,53225
35,6447
62,39585
31,21105
48,27709
45,70820
25,89911
32,32326
24,51783
26,93651
29,78926
47,88280
40,21858
40,71955
49,24699
26,78428
47,82504
41,35409
62,111626
39,17337
38,30503
42,104997
37,75374
25,16939
37,17837
42,79956
29,48211
59,43874
31,30630
34,26572
62,93846
45,113848
26,10468
33,23456
54,10500
27,49022
52,42304
38,66726
44,49235
41,72266
29,31289
26,22838
29,86405
34,9833
38,59309
28,25208
31,37187
38,14877
38,36592
31,29336
35,53003
45,28617
51,84477
24,52874
37,66724
60,77429
31,88588
52,41386
24,68530
42,70383
42,7623
34,74160
40,37263
48,111631
40,72085
59,18604
24,23841
48,94245
26,47934
67,58647
51,81073
36,54854
57,65811
35,131364
37,140133
33,58461
30,37091
45,9749
53,64563
39,122309
46,134488
56,47046
36,61713
49,47365
27,62247
35,49119
48,167548
35,54896
55,41656
27,38949
23,87609
33,18154
38,43534
40,30686
38,78756
51,5580
34,81088
22,75231
31,83181
26,52605
33,58799
33,51919
36,18958
56,68272
42,59609
32,33675
33,32426
38,63433
55,64918
28,28936
41,29316
44,30899
31,44058
36,13143
48,69549
50,73068
47,43565
35,50989
33,56456
58,48115
43,22504
36,133839
36,27603
30,33280
49,6963
37,133446
25,46192
23,31574
36,14865
33,41514
43,36212
30,44384
37,61610
47,49423
40,115311
35,91846
34,86029
42,34175
38,54880
32,25516
23,23894
39,116312
34,42356
29,73923
50,38671
32,6336
24,6473
38,78190
33,142060
31,115015
38,81857
30,25633
36,80356
32,60154
31,63065
30,10755
43,190788
28,157572
36,90200
29,125635
30,36225
37,23770
39,44195
21,102839
28,23497
34,84073
49,66938
38,79769
30,11089
32,51512
24,73384
55,16023
30,149548
58,86738
43,11552
21,33074
48,29419
22,107417
42,59736
47,48769
31,10648
36,47595
63,57651
33,80590
66,68792
47,166266
34,63859
53,8893
39,127312
44,53806
24,37347
67,51892
29,52877
28,32276
35,70230
23,34866
30,79243
50,16466
54,32261
36,113464
50,31811
31,68889
29,70973
25,14932
36,17923
27,40981
26,50199
30,160755
30,23787
50,11992
40,6736
24,8500
27,26615
39,40556
34,17512
35,94505
35,132572
25,120425
33,68447
56,117515
38,89247
32,36850
25,101659
25,99334
49,68000
33,54256
34,100736
28,7851
58,67168
23,18622
23,26837
28,56796
31,79344
37,28148
55,19151
36,25803
23,118591
43,87336
35,97397
28,64847
24,59046
41,12805
39,40919
23,57912
43,42155
28,8944
49,43776
39,100986
30,140683
22,39418
46,46971
26,47356
28,21225
29,40160
38,78396
26,42077
27,54030
29,41744
38,115425
23,18742
31,57929
28,81785
27,121927
30,29753
31,23761
37,135805
24,16685
51,87169
21,76197
27,13904
58,89035
41,31670
33,41058
41,49662
29,191794
48,12442
27,76117
48,66692
47,29300
45,30407
38,114844
23,18748
41,111407
52,11679
34,47673
22,59492
29,151409
32,25822
39,19437
39,135107
45,46613
31,54049
32,75336
56,126821
40,117736
37,74134
47,34196
40,43760
52,57083
43,53390
36,5616
32,17325
27,11478
40,17289
31,92764
29,49191
64,57662
29,105147
53,126083
25,7621
39,32623
28,68054
38,25995
38,88755
31,33524
25,41948
45,35902
59,46612
61,36025
26,26451
53,61357
50,146287
28,45418
40,32894
43,138547
21,25778
28,24485
35,64152
41,159212
42,53836
38,76247
34,9025
52,17163
36,17271
51,45597
40,47772
26,139942
64,68335
35,15008
49,38067
41,98754
43,116293
44,117365
38,9377
31,166877
25,52913
30,41425
44,41833
27,67472
50,113234
30,139844
23,60472
29,33401
31,36970
43,12829
20,53981
36,117547
47,75137
42,95984
54,19534
49,122859
32,107788
55,142536
35,21943
54,39839
41,16915
54,79839
44,111704
51,110489
28,58079
26,48463
34,66799
29,43655
42,9233
20,121884
27,45065
33,43858
38,141188
35,90962
28,84322
37,24165
39,14199
22,54342
48,136922
47,123286
30,45780
37,50368
21,53653
27,19110
40,75912
40,10292
23,49929
45,113664
39,29188
32,117462
38,14550
50,67044
35,147542
25,85721
33,44637
41,78193
35,28041
50,137084
36,43946
26,89006
50,58691
28,42017
42,146146
30,11823
43,41700
41,94103
36,30751
36,29743
49,50311
50,59703
38,34049
46,22307
36,48554
60,9657
28,90458
23,23179
32,18537
38,42010
51,45875
42,86807
37,151293
24,36769
34,62668
27,188866
24,126985
30,121817
23,49874
40,32866
40,44100
81,11290
33,72026
42,49091
28,41984
32,22161
63,97857
31,44079
33,24543
36,79247
54,46477
36,79420
41,66103
27,48549
46,76223
22,103521
32,11621
37,48451
23,28227
40,36492
33,61222
50,108979
47,6816
23,7895
28,64773
40,11919
29,143870
29,81101
39,8885
22,49340
37,96950
40,42580
32,98219
32,13672
30,64478
30,16263
28,36885
23,66857
41,13686
23,22116
21,13173
24,41238
27,21587
31,164782
50,61131
32,58067
56,56795
37,80415
28,43055
49,22976
37,35887
25,113492
34,26181
44,7468
32,110068
39,58306
46,72589
28,34465
36,120915
26,90282
25,134638
31,93339
35,32450
35,28047
23,93992
49,115933
33,20514
54,63116
29,77356
45,15597
37,79152
56,33637
69,42885
29,13345
27,14432
27,80273
37,62454
43,59589
25,61216
44,44658
24,61333
26,42609
35,15710
44,25271
36,105978
29,73831
33,86579
47,15414
44,11854
27,60152
32,43294
35,25977
48,64774
23,6139
29,124793
36,62499
39,108671
24,87776
49,41891
42,120386
41,108311
63,22974
31,53693
23,57674
31,47859
55,128259
41,18426
22,107992
25,22645
41,133061
37,58323
39,101178
40,23330
50,123651
37,31828
27,109544
29,25560
34,72742
25,74320
24,157469
41,176730
37,91004
33,58129
35,46425
40,60981
38,51687
34,58110
26,138582
45,11542
40,90407
47,86320
46,80713
50,7839
22,93619
31,9240
21,38987
29,22591
34,114278
27,11069
37,57102
43,30909
42,36291
29,6476
29,34702
25,150130
48,55522
37,35441
32,169335
40,81632
32,82208
38,120654
28,45682
29,55804
22,13651
51,127222
38,31274
55,89895
32,39543
51,80207
30,57256
55,12692
55,119026
29,130161
51,23946
23,77653
56,9315
26,71919
30,20401
27,74886
57,21105
54,24838
55,63288
32,40739
55,16810
46,21363
25,151573
43,51865
39,28192
67,21869
20,60025
34,66145
29,68018
45,67166
27,55345
46,111422
27,48175
47,6047
35,51216
35,22487
39,8774
39,61076
24,12930
58,106818
29,39599
38,61123
28,54765
34,117525
27,47660
24,37033
49,21797
29,120069
47,100305
29,56321
48,12153
34,38732
26,46979
35,27994
32,67706
27,99379
54,45169
26,125137
27,44911
35,51387
32,52346
38,97924
26,142640
33,149050
38,28706
29,25579
35,29805
41,123287
40,74484
28,7375
37,88045
28,42151
43,28210
37,34179
27,110026
22,82621
29,34969
36,47116
38,50574
38,97396
48,27684
44,22441
28,32836
29,106681
40,70494
30,79531
27,34481
35,31381
36,59077
30,14694
37,153045
31,145389
28,121954
60,14047
25,13798
34,41115
38,74454
34,113275
50,34615
40,111540
29,46909
37,24491
40,47615
34,119243
29,66135
24,23704
42,16880
49,19249
33,78367
39,28806
33,63120
34,53548
26,50349
58,35755
62,51211
50,18170
25,25385
54,35761
42,65720
35,48257
35,36369
60,49230
24,20958
29,129233
56,17764
29,176754
50,89728
32,155862
39,8464
39,17351
29,32007
40,39223
23,10311
57,84395
28,69014
46,81569
31,46411
41,9518
25,46153
32,45943
35,11205
34,33358
44,45246
27,36588
21,29067
46,129553
37,101496
55,152941
50,201897
35,203012
44,201244
34,203348
45,200100
34,201262
29,201402
33,200071
51,203405
33,204895
43,202918
37,200434
40,203931
32,203559
25,201119
30,201104
46,201339
29,200383
38,204672
29,203007
36,200071
52,200746
40,202702
31,201976
60,200313
23,204562
68,202585
36,204436
67,203538
47,202705
34,200232
30,202139
37,200788
32,202914
28,201584
35,202644
28,203821
44,202998
45,202154
38,204277
20,202701
40,203061
