y,X1,X2,X3,X4,X5,X6,X7,X8,X9,X10,X11,X12,X13,X14,X15,X16,X17,X18,X19,X20
2.73769691027646,2.4884350841593275,1.8878942225528048,0.037352878847362936,1.639700573423862,1.419008834267595,0.10190060027443693,1.4832663758785198,0.8045548713947592,0.9301699241129713,0.8349261411990692,2.48263334158855,2.355614928655822,0.6424788253344929,3.8516022129289706,0.5730047392748386,2.2602367364224487,0.6553124670341665,2.3234670902386263,0.740311597566819,1.188648358885192
-2.060298762434627,1.750910956028458,0.8111383755577584,0.571626206717762,2.3436963115600484,0.7025709633940939,3.7132694859630075,0.366964052270782,0.23417201144599764,1.3797651289837454,1.5983473812283653,1.1932460090198618,1.1655063565874118,0.766173281447489,0.23452758444460908,0.9766929777117433,1.6504763247594614,0.852885326730899,2.1788875091033932,0.4384723806904406,0.865780910267989
-1.001193638335157,3.141434334855077,0.895803790163844,1.1609726704907777,2.0473028415817858,2.501465439180201,1.9320582769489167,0.6972821839122296,0.400128389885823,2.9152879737545483,1.4808964292228703,0.2108736509345972,1.0703024028233226,0.7510224433893844,2.676696530336309,0.16717612807382343,1.4564592030150254,0.6726816862003225,0.9720427662429941,2.2928912805646147,0.21101282320615988
-1.3478788127253782,3.119903232475214,1.5652718203764837,1.8615732641803395,1.8063188455030548,0.29554897358311494,1.5687277755290077,0.9609629865270044,0.49331416100019065,4.649757310953691,1.0086278538859645,0.4421460156565514,1.5482798069273234,0.05593320761246623,0.503650920282912,0.0807412321779295,0.2578036983370313,0.3052687044066833,0.43067419436397847,1.7591047670588522,0.6118284096653119
6.085894167717425,1.0903704211305665,1.1483855849665188,0.6779938033575263,2.974993458186473,0.6150805804865959,3.3572229206732502,1.2878528644625156,0.5018811189082519,0.28647698735888294,0.43222742089059585,1.477053087859943,2.4977041992886084,0.6186491198046579,2.43060444728238,0.226835200909572,2.739549899811033,0.49737136455197384,0.8572209513210596,3.967443551563543,1.5323746625662404
-1.118191731586502,1.1058570205723868,1.7528517609757448,0.24016624613933213,2.033113323359336,0.7041917213273916,0.45934504892132333,1.2432528509063168,0.3334882091816217,4.091486738513252,0.10779664256339894,1.769107816032876,0.9049348541178138,0.34632008803231207,2.8900637040342394,0.27121345216248605,0.8525013316059491,0.329898177060197,1.0310884300762662,3.1341455401563105,2.909742372632384
-1.5393197687726892,3.207488710140077,0.7207706165622141,1.0325454170515043,1.9859046937408478,1.7909213175295935,3.545133655593979,1.5223860183432518,0.10542027912921503,0.8231148722377307,0.2600270276424075,1.2471407008024293,1.624097457838677,0.18184413967111934,1.6939303039562899,0.6374033358177422,3.6550452422448934,0.21808473311415644,1.4205913166472124,1.376067417557854,1.6143429276038943
-2.0349565041090942,3.8325574147348207,0.8545881410687559,1.398414126622668,2.336414458719292,1.88540262292796,3.0750152574253513,0.5733021107791889,0.6408078376355695,2.198530528420584,0.20086814810201492,0.26834912636681296,0.9690799511206455,0.41906553646018074,0.7143267065541372,0.3212981539790527,1.3778322262274565,0.07166392810666966,1.277574764491885,0.26585178817583766,1.1484446440989027
1.9099610815960013,3.503730538968379,1.667666317277059,0.5972813541529498,2.88498390012333,2.9479531248575803,1.5895123753474092,0.9847704105707715,0.1514691238998842,1.8326038032670144,1.089240563339128,1.9521617232531225,0.37446946066547016,0.2787518257967033,2.002813165933602,0.5806987670304272,2.8276794148768687,0.6702306933499014,2.09609937543509,0.38924229314145575,0.11249838663594991
3.926446443530722,1.4312690798314667,0.22427881897761126,1.7232192305583556,2.0676730128153773,0.5289499973738121,0.39082185725930074,1.3638203770249668,0.19517665890294922,0.32889393852518434,1.0384570791042138,0.9946361424148956,0.5081516927358581,0.04921602964987626,2.5167048312870897,0.564601744513797,2.3465818069065287,0.25476688711370854,2.508844493006452,2.322915810681846,3.891698916116789
4.923540730153233,2.003980502093835,1.7375604884218043,1.8116143907857478,2.8790771785011087,2.399932238870988,3.177844052860018,1.0199397124803733,0.05739145473872875,3.9390443972399676,0.9220234276996073,2.115405358506666,0.2417823784257882,0.8337840197894097,2.0163682693766734,0.6554343318190294,2.777921821014201,0.08088333590068586,1.8399697657444387,1.7014466966920243,1.5940799880200158
1.5633985845563854,2.733851740688545,1.5826919028319033,1.537166503695569,1.7938529304614734,0.465792020305305,3.0942713544417098,1.5364227288297523,0.9147445472704968,2.5619402985578694,1.3311765188172457,0.1806597637473597,1.3890495485545937,0.8138026515379333,1.709693558148178,0.8423033840918848,2.3170956274625354,0.7912816389765668,1.0583920446769397,2.39232226793258,3.9162623009329796
-2.0639944878082255,2.8508081079316008,0.983347321008361,0.5224632814750112,2.9066298234608205,1.0829758746777827,0.6332007959625292,0.5998728830153468,0.8306700912138825,0.8841925207794554,1.1603327492452762,2.0580061750089054,2.575900272293067,0.3469548621883013,1.9907534700250302,0.526930230324191,3.382099919406827,0.9388083957603198,2.6796879800777638,4.9359438616961056,1.0437356759316563
3.2781406616197386,1.4810030191615797,0.7916538919646565,1.8769111923932977,2.230283653936769,2.8652257699492116,2.6380048418840323,1.093761505026319,0.1590042777894457,2.6041560877011634,0.1779733009033928,2.8066161227954503,0.3130656579955463,0.7517565051911109,1.323176099358264,0.7431239976374192,2.6597033898190423,0.6881138038610916,1.8425290551300961,0.6205288944699289,1.4824906645840317
-2.4740800178336455,2.2447847442624997,0.07119472990542874,1.8772849110266934,0.16191411737873485,0.3904751035640215,2.322422386365635,0.48928986295015453,0.8677066754901109,2.955045321345235,1.2068534623914,1.2658558897102163,2.558962698729351,0.01913796574969573,3.524329621145916,0.2263454872693914,2.7321274471676413,0.5664419447478884,1.2952315125056961,1.5119463456612707,3.6664454269736075
8.29921708393448,2.012332661231239,0.34337850533587067,1.4900890942157552,1.6615082373642998,0.8185397554560879,3.4502990682506143,0.8871945826338177,0.5072982041428629,2.2226930725186294,1.6978478125177348,2.5130272506411826,1.7913691267000518,0.7184950667683594,0.8912317051705867,0.8098598118436231,2.178435759080903,0.6920713446884383,0.9564134212626162,2.1016516393185904,3.709743265024007
1.869516351841697,0.055073798362728965,0.37808934569937747,1.8214700856946207,1.6407543626550818,2.4273536042223247,1.796567666644712,1.6200289257173772,0.12830137070983638,0.7150400255815459,1.9727169121668608,0.9627807490614536,2.7467515764042343,0.14094922459919057,2.223455947393356,0.6417590446416447,3.411591342452697,0.7880118896898421,0.23548787210481192,2.966459342585342,3.396266887400567
1.6045691255151882,3.091306486449496,0.20573846970980703,0.47444941758907055,2.936264183410807,2.8969711700211573,1.2627239281472367,0.20773382487561975,0.11311775039958072,4.806320549606815,0.5927978269651728,2.1841765983751773,0.53314882339388,0.6555426829494261,2.27244484364746,0.31940983147476965,3.0541269796399093,0.7139939181142321,2.699624060129165,2.714101287513934,1.5223800490392634
1.434461383375702,3.5305647625444663,1.8180824126813366,0.9899347042407876,2.1976018129102344,0.2772664920913497,2.478594348401716,0.45996947774043795,0.22279778050676868,2.0888488817550357,0.27538499135876293,1.2105062326305625,2.946307779893111,0.43522036181483403,2.1808934344153292,0.7437178668015801,0.5075568691027184,0.6075773206471832,0.931664456761763,4.280649294802681,2.6880391102627867
2.9669168781733823,1.4595439356054891,1.1646573545397367,1.6197566776198695,0.1763993277228173,1.7502728106258796,0.7275637003825088,1.5835288154786025,0.8898369750271282,0.6501256860691151,0.12895208728926733,0.7677748017515206,1.9631518832525465,0.7680173087886975,1.6211887838744938,0.8011300754354213,1.4316408566515433,0.1240291419964007,2.295849172868469,0.6280583102300236,3.336469055369142
8.01221349777223,2.461584713733975,1.7976624805018802,1.909131567650994,1.6406676104039526,1.2162789189912648,0.8726600982242934,1.133082657049756,0.4509220864991016,3.2549653795133757,0.5919946407429391,2.878467127619847,0.4260531551626139,0.2094107473403347,3.3655176451693904,0.763033871719295,1.6983945915744227,0.14005749948368318,2.8675070292981584,4.984760677085869,2.288103433972033
-4.398619823784058,0.3015249665719062,0.8700043689202677,1.2749665090479392,0.02510710716500042,2.6979725635477108,3.3556436457971226,1.6548344756887947,0.6972096711119591,2.9395270062182384,1.5149442364481178,1.083190954209757,0.26011472579230155,0.3377961195941883,2.5521042520858654,0.810455208879436,1.1397922356965018,0.18177632699971713,0.46268540867671737,1.3361321930657921,3.011681065023354
1.7465620523697827,1.475296024007898,0.15673555957893748,1.8216995054513048,1.4039338057591522,0.2543503367083555,0.7592022708411732,1.9498674895134984,0.39029015366155695,1.273687527685159,0.34846724512347294,0.6162194632820405,1.2136958759009757,0.5065786843329081,3.7328993573230833,0.05762904886407638,2.8389558775399237,0.7237170073396519,2.3423034080594625,0.7751515995533814,1.0198938341401789
-0.2792122917426745,3.7325604079300865,0.44941503748496037,1.3842735023915356,2.94098145987548,0.5434088298181904,1.834522233821534,1.9304489498836797,0.6226237603788857,1.4371641514580964,1.5524570810000162,2.142843816367532,1.2797640350779185,0.2912001621524971,0.5874968651335268,0.6486565523773401,2.754879329823609,0.633884578047664,1.724838904382048,3.2560628121864585,3.321718152480975
-4.525944568305993,2.6055125729063096,1.3952520841036282,0.08588597869817005,2.1811120022963393,0.1519964210570176,0.9012893142234675,1.8994052004650621,0.7164481111807983,4.026394298581736,1.8350483516377343,2.577775709087125,2.483241184062474,0.6716355061162765,1.7380983127043743,0.12993608440378301,0.6302629606751275,0.3910114981895285,2.763778024441475,0.8106401352519044,1.4528787714699365
-1.3786061651308914,1.5888103109046168,0.9999803187373271,1.667173801375982,2.315738741216715,0.9038362143902093,3.3977984032862407,1.103573832817033,0.500859239223467,0.28103813517470766,1.8281452983234474,0.7004746112719256,1.9517320366076902,0.025365981756305667,3.0860262164623142,0.3980135234297594,0.5412614975612886,0.7561331308935776,2.882578454017763,0.4851594528515668,0.7815650358609427
0.6273899069453893,3.154920571762982,1.0085572633641842,0.7398970319527474,1.9940628616801224,0.57055156291363,0.1551306999351998,0.1850722568064187,0.7600812242470999,1.3909584407581392,1.870299758696399,1.4497062241347518,0.05664820504504409,0.32381682688881785,3.5235660094297128,0.835450460844269,1.3420323057984849,0.6309380708796183,0.01056691926980502,4.6605806538701176,2.4163067481730063
-6.776571074138652,1.267344488675485,1.4924949023062555,1.8731140018026635,2.1996222039093025,0.025816161638611557,3.503969852692154,1.4808615459171999,0.8326037531658891,4.683556962707014,1.2449281106822536,0.5138710864804118,2.7140463749987305,0.09289728281457443,3.096715756726079,0.0009550265477717979,2.263256774907063,0.6789197996564289,0.4931150258413638,0.14129757564787848,3.64307731579902
-9.101257359090534,2.2723946105042767,1.7543537627594206,0.9661057503530461,2.603585468372315,0.3825687019633711,3.299907167382064,1.1285948896343554,0.5599436164140923,4.192032849882449,0.44752630716420905,2.312260876634178,1.5913502648848046,0.18422675736230687,1.0480621236751486,0.2935352922245684,2.520413758020701,0.0185494316758128,0.7313022732656794,2.3045709493145523,3.7054444940338978
-3.712290086880581,3.4765095582449033,0.44215169028698,0.2506632143368426,1.2007059837546237,0.33859417145128734,1.3997079172862654,1.4917154570430704,0.5438525611079102,4.540869271699007,0.4770724802575055,0.013247597266311195,0.23976078014301117,0.8293701314929169,2.2953765093052296,0.7727095825738823,0.4649891809430309,0.8899201694387311,0.9498485542540577,3.1090560368692195,1.4423506337975098
-7.38816511926664,1.7446936955827175,0.5747589879585226,1.9289083675195595,0.2760932399575937,2.1912433544077,2.6922970847531817,0.9107797726922835,0.5879719958037603,2.973085437353222,0.8455151013660309,2.7713356590970086,1.8740113855430187,0.07615518874967664,3.7060147125488014,0.6733116443622883,2.280846883058417,0.7402287245491862,2.615647458658921,2.681465350796735,1.346919917974053
0.08749369539801456,3.2085905683206364,1.9865288426295105,0.03405166195202036,1.515739264604608,0.7181250985102203,0.01230958051566633,0.3113259998011042,0.025154256360471416,3.8675065973864937,1.221211686279431,2.8365906941516696,1.3979180913591978,0.5215675369934,2.3744538670152906,0.04050581241372786,0.4327164420122771,0.3401478245710968,1.7212861250581541,0.3758302860033824,1.0996187558019135
-0.47112673578010433,0.5750672980582583,1.7231705393851422,1.3531415301531404,2.4165592280129204,2.704710363113176,0.07174572743517427,1.9919056819763161,0.989101858179336,1.7204999716560077,0.19826036697472094,1.7882477531776637,0.9509386068477855,0.9840663317340266,3.817410655958298,0.0839462145644283,3.2349901524020135,0.6600889099974182,2.044399596138218,1.8732504026477454,0.9833098817411923
0.31591764987498394,2.8170438844733416,0.21769039775322785,0.280879932421664,2.1294376603783176,0.985541789260191,2.58056813658115,1.779382172550052,0.07077422417609547,1.91933635984327,0.09666213667829227,0.9553563852383647,0.8299063732390937,0.4242390922154441,3.9974989083981036,0.5640249158909107,2.6595045637598766,0.6742159179510705,0.4867835019104845,4.970161283088794,2.5078551512239233
0.4937478438850994,2.81832523275829,0.7316167708030985,0.3106257065664404,0.4500839268686858,2.6221281683586617,3.4240211566648564,1.6074987983477291,0.8176151694935939,1.8897061653308662,1.2429975409502698,2.892291622228203,2.8447362888081553,0.6358259610330671,1.1582900166450973,0.8822279961207636,2.934443452233255,0.6668845028389202,2.127056432220081,0.47672808866207395,0.4590010500895918
-4.534410638762527,0.8751684226963543,1.1309737239435218,1.2991154941097587,1.6970299167342096,0.7095885449624846,3.9408495752854953,0.8229514221524568,0.13703576079947555,2.129820765252199,0.1735816700235051,2.8541010950994985,2.1503413418496637,0.43556834293565394,3.981299954592564,0.14902586576860588,0.4135178438037288,0.9833126047940498,2.0690502352298514,3.7837172852794545,2.760679708650735
1.5741606512592088,3.69947051446226,0.8113611772826244,1.963308432276963,1.9091269167538587,1.1353638170075313,3.9611407762569897,0.4263137117373912,0.1530196450094573,3.5344892359336337,0.752314415794525,2.314340555577213,0.7747944888929942,0.5528289016670991,2.734752158608343,0.2275060393240388,3.893432941648019,0.4908868933246583,0.051652847938067015,0.1274962194881324,1.3900818326937827
1.2326526456077187,1.7685630216167065,0.06454095881139899,1.389614830763217,2.2413488926380647,1.6268716739737918,0.05953018753547967,0.5888795684679156,0.3592416975153512,1.2208531463659245,0.2188453821849652,2.533633666298577,1.0467319755241768,0.7848888592007092,2.082985409123708,0.0436378184249544,1.9850133969086863,0.6568840829709767,1.2019526517736194,3.560380043409955,0.19020101528575006
-2.7114739191315698,3.63726383588989,0.33874788883610707,1.5239477860723063,0.3381879211563381,1.5473819468267282,2.123153471458882,1.2458626793205303,0.25346244577769883,0.8889068131477351,1.2950494897468394,0.7138825072115562,1.4123052940530387,0.16250300236938264,2.626049044842383,0.24270319553111075,0.8034024101653454,0.9140217913946186,2.418795705315476,2.1290368699252604,1.6039234319173188
-8.779157054147575,0.2392368911194076,0.8613851225668971,0.850418365605732,0.7919790488277846,1.241406354538077,0.40156552425430414,0.496434102515972,0.21876438944868448,1.0823273197274486,1.2219323303328713,2.1859565732182746,0.11450199651615445,0.5828403791325051,0.6430855741236225,0.8279205194838922,1.2099090613833647,0.0675910288951338,0.08376377288652104,0.6530108460726286,3.88615623910773
-4.304492322155655,0.7371483352552546,1.560868771996906,0.27778688793362183,0.048059864115260975,1.1665998387092573,2.0284087053536863,1.5993618839974622,0.5633834695688613,3.6219519915552842,1.3170982132333282,0.7147603363634134,0.8971697734825858,0.5704191911106538,2.4256674121591386,0.620743951349895,1.8879574612352106,0.9713147328875237,1.6138120132568092,0.1992574344924597,3.9252257736062863
1.01542874451189,0.18942111520606053,0.8543434679245527,0.43237260632016095,1.9442914776079983,1.0209924537714876,3.563230898464726,0.03776446357238927,0.48006239636717896,3.157435096453129,0.7516407556296161,1.4417212433683897,1.1152966805274094,0.15501564283184965,3.955053536618589,0.6558029226912115,0.5407514762142696,0.6157309450224224,0.15899203585805588,4.199030489116354,2.3506842719810153
1.2673828303304404,2.699523774329321,1.5798618362316565,1.5294005447985894,0.21306250224161682,1.2067038906198067,0.107532102776561,0.9607027804146249,0.09304686872398715,3.972674518777871,1.1683679311474438,2.1731118476645923,1.865009088730534,0.24888430258159533,3.538528757757491,0.053951175521697814,2.8158149781114816,0.6346133024684841,2.757973219313442,0.1131893297606329,0.06747027255302251
1.7434121315981463,2.3784991197377954,0.7722519233399476,0.10921173830918107,0.5147441179900891,1.3713296901468746,1.0015504935107553,1.468030581793581,0.513906558829451,3.9285925691540435,1.6305654045322837,2.145084335669761,0.08091832030863455,0.19805291309549944,3.0738510605970792,0.47352618415923653,3.6363351957523404,0.19802985969235043,2.2677757149658984,3.6166494417559942,1.9605087256068696
-2.581596323474807,2.1332406519950022,1.9582007387040852,0.9802459782682356,0.10115925226920497,1.148973173099943,0.36152530903001434,1.3671357891980924,0.19741779041318375,0.7248866190575232,0.9690068244011871,2.2923460597522953,2.758645222555782,0.2867892503086268,0.9385227709645485,0.3334380722227118,3.1338401655229813,0.7703156511326924,1.177482667320798,3.861897904764401,2.222145965920435
-0.505887223655236,0.17329625077921396,0.4388107899028786,0.36138036341032787,1.2697691423280113,1.9742691820627796,1.8669210520066644,0.84256593706314,0.4802703405701564,0.4374407717139417,0.5448052479764298,1.1788296674006111,0.7165979225888739,0.5777195908230962,1.7898918216485744,0.9524376903529818,1.6747478296982874,0.7317621291988434,0.8973309953811685,1.4799421115195104,2.409299802108479
0.23467585226836363,2.2457323202535915,0.18571053479135724,1.2618496929057836,2.1743198655213005,2.643642618620524,3.400662949258185,1.3864066745735908,0.2770202544123689,1.2837846219819689,0.14350210869937752,2.2926175607000547,0.4122303621948339,0.5757234069499544,1.623439137702957,0.37064958957373506,3.4820387107978092,0.27282211047535687,2.963743887835055,0.9550015814112872,0.11939644859478316
2.7791780960456696,1.31867378248366,1.9508533456184667,1.102484066713281,2.25818825756756,1.7180177529924925,3.8460960770129136,0.7343953968818491,0.010483744073551238,3.200587061816278,1.9778542765043978,0.9477583155137758,2.8122655756671935,0.7721008450071591,1.2048700663986325,0.9175614030864095,3.6752471451412436,0.8399002942480124,1.381737720875503,3.4029635202326567,2.5992667179211035
-0.34226912815289845,2.0118673324504734,0.5766881600966631,1.13416242896756,1.5582169304937716,1.2841213711093613,0.643356760641931,0.4648828142776318,0.8877812016645108,2.8485394505312076,0.34364261637050797,0.8133969113714937,2.2686575558939417,0.4098070138522091,2.2643004091089693,0.6570053973354921,3.3419459546231747,0.5823156554607759,1.0993922138761765,0.9206507660113883,2.169280973310624
-1.4309975513033675,0.4475772702976153,0.7411723547992621,1.6366899506725656,2.5534793175592676,0.7751337996179597,1.5857722310939941,1.5701011291163696,0.3738984675073812,4.446715976887143,1.4491765008550028,0.7110881186940345,2.858664533948278,0.6669047384844241,2.412579210611104,0.46682277886667123,3.371411429785968,0.07885082132770582,0.379411171571167,4.380057697293552,1.6421389710335847
2.53538746753339,2.4287748248739383,1.997765072632955,1.8779746076129837,2.5789735774389397,2.595808299517532,0.8073106345874659,1.4534103163659702,0.41621699620503405,4.590709328940684,1.5359242605298888,1.9753075115737584,2.5789772973275693,0.8683164957998529,0.24248814414926123,0.029603202476863655,0.3397537919220981,0.482094972608771,0.07159256123741553,2.5974342182049592,3.9146902148323415
2.3168302555467353,2.2637785722021255,1.043845192166629,0.3858028297286964,2.816908799596149,0.519834902211868,1.222145444716022,1.412914520351327,0.877582500103929,0.7619246959508769,0.723752818194829,0.5285617959599206,2.5911680344427697,0.3295126772331858,1.5502845285239215,0.14098720238321516,3.912195477245913,0.19630402280161352,1.7534193780949119,2.8699721477334466,3.4073228644359186
0.39275661326510436,0.02705624796001116,1.645992510997008,1.4256880485849102,0.7981811469339504,1.7398584744727623,1.337932430094356,0.06348302070495992,0.7607709251874066,0.594925025681573,0.4266085371537478,0.4963075383161656,1.2164916452137005,0.05354784807666435,2.3701138158527137,0.6188291651282006,1.8995536705956364,0.12765004190467033,2.716261296579888,1.8583311701587353,0.8482113692110143
0.9430583902911716,2.469766835217188,1.698628778142832,1.395879608481125,2.527138345543575,2.1821324951335805,3.3106527165803623,0.4788774790678989,0.548112380990173,0.05026822367423189,0.8029129123283003,2.4304769189278055,2.0895227628185165,0.7940439290233102,0.7344423947926328,0.27820154363602567,2.072677020560612,0.6680594706358018,2.968179968243999,0.9370480491373057,3.3680438609039576
0.8755859423391512,3.6484915457326172,1.3715927181134573,0.5165929974075296,1.890011170980601,2.1912070060522826,3.915898543842504,0.7421151444194249,0.902340963755306,1.3991974422301745,1.8154582537826094,0.22408221409753448,0.37048164318473464,0.6433824163821619,1.033513619203362,0.38617645437802217,3.330066362425605,0.881405647679915,0.05885542972080149,0.6508493600318593,2.8621393149399106
-1.6691764139902343,3.1620965322281336,0.06867882307486695,1.8316156391346066,2.334572192840638,1.2119874480181678,3.798175779659852,1.1637574668382007,0.9207013256318778,0.6146105552642578,1.152244999312034,0.6558354387337426,2.947859152332982,0.4460254896661018,3.624786963128286,0.7374030916562982,0.13789494710450567,0.6556261324131902,2.55355369226811,1.17424897953328,2.7887998964567693
2.714597159355011,3.968325864753446,0.1070012988502893,1.06471637315433,0.2885143736393796,0.3537824129559559,1.7282511934852791,0.17597738108640137,0.4654408030835361,2.2881803734129806,0.21412588922520603,2.702128440274999,0.8802275657673434,0.013421042406162043,0.6506232761109318,0.39926773081911304,3.9031637278702185,0.6522222635994751,2.432279130665104,1.3244601242000942,1.5436730250622253
-3.5343983580013574,3.835207048611466,0.16904514365871814,1.1159288388166928,2.4676574827744595,2.29078389275552,1.3633777538234844,0.4642579181048465,0.5656467715232186,0.9420074268457262,0.05366034920145135,1.852979324294057,0.16909146608679126,0.3848979957483103,3.352902823095868,0.7873646353894485,3.5269993120430874,0.5515009159519704,0.526372827592018,3.299976417564431,1.1926382243856208
2.318032615390509,3.167856541166559,1.6327084545715382,0.6455445363302983,1.2826185795721896,1.600983276694938,2.861131500658097,1.6250319647529916,0.028558035544079097,0.03805737239957474,0.9161812504647215,0.6983868356389534,2.803622332331112,0.05179801756262503,1.5153594567187767,0.593753974626741,0.8826373138145636,0.7009871981601531,1.4577217903812334,0.8513149179899787,3.488650913106265
0.2763447977574973,1.1410038400980391,1.8288540942397724,0.6772615651971148,2.6337050748946895,2.1661045762794364,1.7537273926134884,1.5054807462795643,0.14033061862458585,4.481689884439174,0.8368875806901581,2.44067604295258,1.9463386358765968,0.5305311320031759,0.05711289691290977,0.7933971297497805,0.29113934923057627,0.33762490299209524,1.5775269238882195,4.995968728400969,2.0259537533566814
-1.3533765998309821,2.499666821223644,1.4196187293586513,0.6646031080832389,0.2857889909441036,1.7928970050591246,1.9081655426135704,1.6095537991618472,0.3999981917516745,4.9877647441529955,1.5402024831267982,2.0434281802484677,1.03674748465973,0.20951455091047322,0.0937327205532359,0.45204330173560603,1.7029279050525385,0.40688509865951283,1.5998511577376358,4.232679087373861,0.9053944724170568
2.0894880601477133,1.9123751826826982,0.07436634284150268,1.9576364111854925,2.8070627615300108,1.268597909963868,0.2167019642370569,0.5888867774778697,0.8270977246405251,4.030020268485331,1.7882448706503933,2.9814251933665092,1.6299310711763222,0.27376637084676303,2.5560544463764496,0.9237190166239105,1.338710321241126,0.4734502206991159,2.338569305203989,3.4184992504532676,0.9150737403582974
-5.2855856337359945,0.7827007146635929,1.061359060652218,0.40643039108396595,2.948456823541403,2.800458262980441,2.341955366654455,1.561237999672643,0.455391369995628,0.15083966660857429,0.83746697057938,0.8688218685539163,2.632474036990899,0.2119404576967775,0.0853063677030752,0.671033781465223,1.9775291573942733,0.36516209279394074,0.6348958630260246,0.12886052855867136,2.757267566079274
-3.183027114783873,1.5292698081260259,0.7395063300102354,1.3340521201294966,1.5138894526429894,2.981912979030727,3.9351610525663867,0.44957260661870224,0.6935832059717176,2.6766174222452497,1.0299615795835415,2.649196521978716,2.6117848870492644,0.3267138748671212,2.400428069483811,0.6662486209223962,3.499141278116131,0.5061410311589438,2.0565967224700166,0.6545979471548435,1.5884161520791773
0.012215730003278316,0.21549474058494633,1.3221984608820847,1.149568533883792,1.6396126361948051,1.6435165168261041,2.091880853683794,0.5796983038691361,0.6379803456244109,3.0500025050537856,1.2968705020474651,2.604886706220036,2.9297672503022585,4.308527071295032e-05,1.2785004368967807,0.38147267480911795,3.740654213828429,0.38176276168672185,0.6993296222369476,4.030508438131025,0.9373531658767198
4.262169668632874,1.8065936330434362,0.28224893618152924,0.10395057313909928,0.6955988670683092,2.1907037155282487,2.290797323764469,1.6979637527886402,0.6558830272417713,4.257118200584784,0.538660043180794,1.0218876903006064,2.944094754599275,0.2668026485234325,1.8249527770769238,0.20309665489658513,2.3077509186919385,0.45577822246031774,1.2713243854850615,4.189100433503656,1.6033528052383428
0.863374371335348,3.928018966087818,1.7213332929741283,1.0856762051803277,0.7981676268150609,0.08395285519427875,2.807824764188936,1.488331022655811,0.7693189947219788,2.0497900192892042,1.0168696356339841,1.2569141704448055,1.3076893658186775,0.9501264615197154,3.6239161607689447,0.35087519485040386,1.41135283957149,0.7786958248594847,1.4750258322190726,3.585468734871875,1.9623763655302322
0.7232988594677974,0.49577080194785195,0.902249256741156,0.415898229877262,2.855246630537704,2.5907738299282626,0.5874379226379505,0.6645063558360751,0.00022724991417177876,1.3069851267148174,0.5497271635426173,2.915921109970552,0.25290070743913173,0.41786594517306996,3.533467170150502,0.5764507303669182,1.4708745834016357,0.00788366216185854,0.7838793081082989,1.1955896575477187,0.9899714400293189
4.4848791828528265,0.4775235917049936,1.9595626791324605,0.18218035942976907,2.0770648361348027,2.9958922780803454,1.8243638318322386,1.1346687571404346,0.3006954448400143,3.7739549099399476,1.4277781972163484,1.386051623062194,1.1313706813182565,0.5449097258705439,0.5414487920575288,0.6753557962138034,1.863411883936727,0.6256269973463215,1.760072314634659,2.9120227076645895,1.320775494551448
-0.29032057804672257,2.954092224573387,1.084106423231147,1.739711424017863,1.4348457762596094,0.9759294718284864,2.647874491497014,1.399296927232418,0.6954714884023027,3.9553799128446334,0.24842969068253673,1.117851351319128,2.8358933186880595,0.6108014142289337,0.35116941051567885,0.08812855999180613,0.9563023393187837,0.5768065839964323,0.6304753476935979,4.545298831790986,2.8918091308438933
-0.9510610905035062,2.3492145338559385,1.3672161310119715,0.054739558993728066,2.2265595680926675,2.550782503406528,0.012692972355348164,0.1838709488125876,0.09088742177309217,3.936448514743824,1.9811462214230744,1.03330148272956,1.5625338693449085,0.050281178665799064,2.781775014915553,0.6086623280528599,0.13287201116687797,0.23521417374543407,2.4603708427696325,3.0776611790002155,0.9658643337563273
0.3250975719848547,1.8865301372814711,1.8750989441730022,1.937249044392491,1.703123646011342,1.834476358215979,2.340537437995865,0.10760445155189946,0.5236475240194501,4.738909342875852,0.8798824238499479,1.0403774167933246,2.357071313970365,0.12162470970219807,1.7817107336018196,0.6307536625185555,2.33958081434629,0.6856960888336731,2.733075211931337,3.8719373415210394,3.856180459213853
-0.23555075854025448,0.4285072687754652,1.0934067305451607,0.6549997791495803,2.093678893089366,1.323339239206374,1.4246278720082959,1.7255923361153094,0.8945950286306611,2.001041179557212,1.3088703548491472,0.9723069743142886,2.584699801468075,0.5062967311898687,3.2814994444282295,0.04444937549634553,0.4349674008313804,0.9783066099979566,2.781111764228256,2.623447892398349,1.9514395884344795
0.4611735180165851,0.9168742618424717,0.33040779605882964,0.8205559157351676,1.8047887423462483,1.5816137616229944,1.9678571801434517,1.2599407665179567,0.9637058672505254,3.2910819115663728,0.8355577314786711,2.813423163462984,1.288126134751738,0.5974271110597154,0.6013601778944202,0.9766974720845985,3.21164478085791,0.6842047419991952,2.64787344430182,4.212975643943854,2.361102033709904
0.3421601101875662,3.5998607793467015,0.9775173507852681,0.2710884300922245,0.07624176740855071,2.339461834583191,0.7173162670136568,1.7393063034365894,0.7056881874672379,2.6281810386957445,0.1293418984729522,2.97079837450401,2.0563209603138883,0.2741210112713912,0.04535676270994671,0.8363069886946897,0.36388064378067764,0.13024084419677917,1.4144195016386594,2.230933172954592,3.535483251645367
-0.15993778905999273,1.6670141512107728,1.40180995587973,0.254132621489908,1.3898682329571677,0.7540505802369094,2.3732559598158423,0.17538174971674736,0.7640288870001651,2.090714527948265,0.531180114978058,1.8280117161569085,0.7942924037302712,0.029151546994977573,1.8727132224099523,0.709482671306419,3.0207724315765696,0.17441493186059376,2.8906500901049803,3.1220142145008465,3.206215873485481
0.9365852282850324,2.1434066501264635,0.8400890540504835,0.8279679595282745,0.5599993445607747,1.3886769635192042,3.1840131775760105,1.7318076487469314,0.34460785847683195,2.0376765784905255,1.5053949742037456,1.2560737480605313,0.5850113659298778,0.8806728915076617,1.3550639005932412,0.05564314802949666,1.945381935628078,0.35133561887057285,1.0827609322261038,2.5197681820884537,3.7412032804456326
1.6999632424384468,0.02483406634851759,0.3551227660488774,1.2348874720783871,2.305103236282214,2.5415600161803535,0.4556872067514042,0.08249512089815281,0.2518503282303802,1.8563445318238307,0.5537426416985645,2.6990294539948723,2.4615524583824886,0.9116678760680664,3.470879543672802,0.055524143624955724,0.6643706930080691,0.42956926451944655,2.9005977911320433,4.866770351772778,1.5032817691816356
-2.894006456278049,1.2025668230812046,1.5636744505450337,0.26453380573470553,2.165581788926078,2.0340707830410727,2.3837779156468746,1.9163481814690446,0.6672091153778678,4.219471871444807,1.2082516451575585,2.559690273654931,1.5608525382254177,0.09048386956961851,1.486138504389162,0.21670150394189058,1.2324566820105174,0.11788894267026295,2.14362805164518,1.9395749844225545,2.74284624353471
-1.0036401655677807,1.7475726887024408,1.0863289859024707,1.9489624357165576,2.2326987699202077,1.1035868803158837,3.0596116695108293,0.45473615440436976,0.14930501508479133,2.354130388626711,0.7098053866800684,0.6486748334107293,1.1804849100066193,0.599309111875943,2.3446595682908256,0.35175771717222026,1.617204032184684,0.7766317409959258,2.372290730764348,0.4072520678937158,3.0965626050419255
4.279747872570166,2.44859598826303,1.5631321305841506,0.36127020488905837,1.9721545258020412,0.41394902798975575,1.4886665491178146,1.5037242038321583,0.47091669227772726,2.9244979645681575,1.0781426227208162,1.1937431530504936,0.12324732380998316,0.6881648566305252,1.7406041277783193,0.8045815139832108,1.4570238997992906,0.11583392636459822,0.7262133570963373,1.7289708261953578,0.8219338880742768
0.9971761786177449,3.6727923015222923,1.1870891477598424,1.520699822392632,2.7064222420918207,1.2084283428123164,0.12963725109223967,0.80149733904382,0.022291937575851017,0.8285901081314817,0.0714963136276594,1.037148353571033,0.36283425351156584,0.05761313941230439,0.5478605528377232,0.5343977302367056,1.4122849506047812,0.37833005250835927,0.8392008035202582,0.7726322261425322,3.247959842518818
-0.7164154907781171,2.502946679850141,0.2183473343642126,0.9643236304088354,2.3135611811217336,2.793891277087241,1.4750542675212936,0.806150848833457,0.7597110559297995,2.735791217779426,1.8496565195400692,0.9380661491886779,2.0924954669184155,0.08460972638963671,3.226024005407044,0.5368863067604427,1.7246939261284915,0.9912852664782179,2.146893664657897,0.9040648138870905,2.8828386137159456
-3.8082667294227663,2.823990260327093,0.021395378023449263,1.5361577362885228,2.740328006414915,2.0194883559547034,1.432972191931626,0.506573937476525,0.20565707990659243,2.6940926075129963,1.4572254751521305,0.21169722554799586,0.979131737336778,0.33331695657792526,0.011370378248407143,0.9220395820470147,0.2824168330085244,0.9047128785537675,2.169515393327331,1.79000063765071,3.472224755306054
5.601796254377886,0.5993348639597089,0.026449425054652753,0.6057968856595342,0.01093584676697923,1.2576894461163586,1.5789104781874497,1.013676899415777,0.8405904741259859,2.5381497701150577,1.562074611561245,0.7249094750481515,0.9176622627589568,0.5905745427365291,3.8220627220225336,0.5817957513409383,3.188858138201844,0.4364153754783947,1.6948000110836596,1.9269544832364587,1.6737316807439733
2.2068342779966676,2.9842536365468666,0.9039048361830002,0.030350181550907074,1.545624272731089,1.70599983618831,2.717314010484507,0.36912031650499144,0.7748543323557293,3.2154044164988105,1.326545992130152,1.5859309273808035,2.623873086372388,0.9286697067206786,3.1933973246384935,0.6095743755358582,1.2644644196463668,0.39600500430597263,0.6858099624171493,0.731062944712414,1.5497027027665853
-2.005885375556522,3.3240279697341513,1.9766903952299257,0.9267373729339086,2.646832907080504,0.12513205302521457,3.0125917260317543,0.11416805257749041,0.17616404516675943,2.723418683889171,1.796129138460338,0.6838644271939635,2.594134743753771,0.10542440805563014,1.9899287765160172,0.2642070596539905,0.8568038994073306,0.045430016259498496,2.6286295207075843,2.1556108516067836,1.4417272305176279
-2.477337002962634,2.5349030758039164,1.2884697955491393,1.4066741578380337,1.7628548332771001,2.9869023826481373,1.757554821993529,0.7338530758105644,0.884558790594128,1.591272229022402,1.623556361233026,0.23655474921103237,2.20429710139688,0.3893761632952649,1.6477709602862984,0.41912253552656265,2.251718297543836,0.14193672374589916,0.5694576719486569,0.6580412531081753,3.3497841010768306
3.1926136465388057,1.75323952448971,0.6432144531110737,0.13208178581931018,2.2358253609641094,1.8570126573489545,2.8503471894529255,1.4396745733019385,0.0930639540298075,3.940956698091595,1.5290651896152272,1.215091127885978,0.8314077107344979,0.7546462486390086,3.0105321386854014,0.4826518377575202,0.06993867286879762,0.46587281480591125,1.3650118532049942,2.0935261762660575,3.1263009494113745
-0.8121061317508739,0.6102910986980215,0.3270748063877711,1.338022835313609,1.126976816363658,2.338398371328716,0.8270047456488174,0.9483490712835563,0.2021884454300069,2.8221266782394467,0.8013632915547808,2.777171714123335,1.0726153876300075,0.7898283519035358,0.8495731488019933,0.9826661945054399,3.608765539518727,0.5707348536142974,1.3763555981908846,2.3027257869731947,2.469075568038588
-7.16123028926597,2.2736384609887605,0.4308906778926982,0.6909581116843206,0.15305612925188683,2.794015906045034,3.713584025564301,1.845240555192898,0.3724054828574618,2.0778943012321855,0.8295584783416643,1.6541908820276494,0.8320544505990083,0.01014590834598339,2.2175815516696664,0.7843528357023761,1.9111970170825656,0.19884547853430712,1.4912778590256406,1.8577556014038037,3.935713159531504
-0.7091421161731701,2.112897110340242,1.7800007758094716,1.1834429452061894,1.1184020156555503,1.0248556813901573,0.2740556105197731,0.34024460236320286,0.17365571077313346,1.6396533113905187,1.0148471907727232,1.0772278369056025,1.9229807539170674,0.5595522839064712,1.5269957534731833,0.7020674270077398,0.34287059310480617,0.1862707848759294,1.2170130429145338,0.7804407962906851,0.7786723624325789
4.238623051379202,3.805715055014373,1.8577111011879563,0.458106915614215,1.1432168591594354,2.4338975984221283,2.8064294793775675,1.4367635592483574,0.3452337427247997,4.603240693360673,1.819165487486892,1.1568756041519377,0.36544562343478115,0.48103054521116606,2.9987721247332106,0.9742763343048032,2.9852390348679574,0.47011586379085746,2.984092255817638,2.2841187141585055,0.8661737217449064
2.009021267050281,1.9214367140400643,1.0598815430701878,0.5351367249555059,1.5212098277296988,2.6181294066165988,2.869971027412899,1.7395952780879549,0.5677384811639643,4.652346324002022,1.3949578632431747,2.4789759459863028,1.1165393670292971,0.30368876930564503,3.8190267225400496,0.24185959298267568,0.6617349238626491,0.9233613293925884,2.184608166646852,4.711409682596584,1.7411324460087343
-1.4031079010229115,2.0102382535302015,1.8248185307782174,1.8656539712793985,0.9363315416772658,1.9979646752007203,1.5616109785820038,0.2586195115544492,0.15695199392770598,0.05345875859242788,1.6759426275838243,1.041898068774929,1.3515956807999534,0.9907857226498384,0.28689653585472286,0.026763398788352544,3.3073588537521554,0.5924884287563389,1.44836275419178,3.824179914437731,0.8460545876039491
-1.131881223412455,2.147512771697639,0.3123732033693758,1.6522901175677134,2.45569143884377,1.7663596445311573,2.845634640044107,1.9481116221686083,0.7757404306751504,0.4654113953747102,0.2229981849906406,2.7903552549167054,1.1716823715626143,0.6153704641063423,0.7129914437129576,0.2420275007859578,0.47248828153424727,0.21772708355714787,2.442913881769393,0.5407943138550958,1.8770765301658967
-2.242730103823772,3.2768082682566333,1.7512327824229756,0.2908863856670312,2.526033467334697,2.680056780898021,3.7946495562970544,1.5084312427828739,0.033661577731850745,0.6704472180206222,1.1507455014661445,2.2783434338341704,2.4470506661440985,0.8357255270581063,0.6445341241644398,0.9148547238052644,0.8058094452431437,0.5312233785780375,0.2016336074166244,0.810279032387391,2.633912338226942
3.6832611187867443,0.22846255235543955,0.699136780469463,1.2940072197866697,2.445744992222352,1.3457520562632435,3.5242774941959114,1.8333549115250238,0.010958514027322508,3.1366851216827687,0.4351423993427672,0.5961224701639555,2.920932478430275,0.45976470942864023,3.409266283690191,0.7528257914902069,3.492285628582671,0.5643539750734828,0.8381375560678619,3.5899202931193237,0.35808691165564754
3.9632439854066073,2.6776869722981953,1.713117395130957,1.767902330666335,2.5569469331375303,0.7331507381281668,2.6989446646949062,0.07540568229617461,0.3201233555032672,1.3084586269424663,1.8094466393921864,2.310277279614702,2.7618422470257444,0.6324197465964129,1.1968248900996503,0.4344529723546091,2.683690952897414,0.4462208500618843,0.6936534173464677,2.5500566737253356,1.7313820624160075
-0.25198015241528693,3.06846651351789,1.6062367258481265,1.4827210683114922,2.6963820850542346,2.4425188929913535,1.1887993515041373,0.5716976940999934,0.5267271046521154,2.9127147872047794,1.4012417189402315,2.6620235490893696,0.29693854241825723,0.8442618921474505,2.5219975938689383,0.48418006604179864,3.2696944382809368,0.03113516543530992,0.21910967294514339,0.9310409096067795,2.672531083025418
4.056068781216533,2.8324614479104153,0.7059498791664964,1.031421598689035,0.9142192014627344,2.09144819575219,1.0931656791735729,1.6458157559306934,0.6297265651653495,2.7745099395020842,1.0065164423226567,0.5016278150247415,0.3553605515228966,0.6710212839815508,1.0833294455101443,0.9875505127658913,1.2822656242948876,0.902822560038028,2.0131701992750646,1.6390917655707526,0.407883171337176
-0.8361203167458131,3.1874687349007864,1.6658482041095855,0.27050368712965445,2.1293356454166137,1.2288136231311588,3.8917158694662395,0.5494672598322445,0.8815138331177768,1.0017033214496878,0.10201135740947054,0.5028143452588157,2.9413778459398205,0.1468769365945355,2.8380823638196464,0.12617895362543763,0.28794495512863927,0.612305474500383,1.0110304240269243,3.7554086699834115,3.160733326265236
0.6069336077903396,2.231043313709798,0.7147495974189351,0.07976730521069841,1.1083436259494097,0.017145252795471633,2.2606541836565386,0.1034478960947236,0.641139172871304,3.2854006000842477,1.72805902037452,0.835381365262787,0.4332550878085777,0.18022776767032844,1.8695175850160393,0.31790512786987324,0.9649130032184381,0.5381810965815789,1.8325663981496325,3.387344556610673,1.4025515515593971
-2.4485372984858147,3.8633461279685104,1.2744339435942924,1.6686436641779372,1.9216560117005552,2.862043092177997,1.9523342198950022,0.29588656251416245,0.02268791551494842,4.716034435151389,1.9625622450636349,1.1620674784266203,2.709639244088559,0.9110606152377961,3.6614602767051747,0.2977002119040556,0.8427988125184998,0.6632452835306144,0.8945457044432554,4.793778093531303,3.4402878799528267
1.6260517351837436,0.5886275995719887,0.43944314369124804,0.23411573858954982,2.629647886568116,1.8157577988622056,3.6528925669251358,0.03298533840237483,0.6951902978481513,1.7838384203292583,1.3789825417485928,1.809594807310313,2.2377450304479503,0.6446608404842538,0.3571919366633889,0.5131166119296074,2.518798145638925,0.1647310234271533,0.40007734096314473,4.205178430614032,0.3492427333746786
0.38470019854343596,0.11858800214166232,0.567318446948982,1.046204627220108,1.206603244475751,0.019638829796412405,3.411803156426259,1.5648332456667928,0.8846517980687753,0.15900633040698553,1.3205410770161607,0.6276624423746241,1.045377101944271,0.9124711176990548,0.6408548093871471,0.7847412153001793,1.6181986595284896,0.7828083451950141,1.900757983168703,3.149878606424559,2.8754768756563536
3.902859176897704,2.375573970499087,0.02399419233506994,1.746116936513101,1.0892575715288544,1.495480461146884,3.670916325600199,0.6982432149759716,0.751394104955087,2.367635195702624,1.2531689940486634,2.649283675737219,0.02803081481861902,0.553463668332237,1.9682261749048346,0.629111433159931,3.8882252135861246,0.19442904741510558,1.4500296717837875,2.2101446976491346,1.8932125509643627
-1.040801952231083,0.4562627949706499,0.40205275109398064,0.0774156739326548,0.4522768029602494,1.7959060380563237,1.275956663018171,1.4993556912031416,0.26307797110890085,0.33728796141259676,1.6155699214206334,2.0562951317435925,1.9837412775868448,0.768096827606673,0.15621606663864096,0.11329803649209658,3.3389853772972957,0.2532633406516882,0.8613315129116442,4.980946961050027,2.9394183294009366
2.3447320296146623,3.803239400336489,1.5289025711121151,1.3847815735874067,2.4700165029254366,0.9004423503796336,3.644154692469972,0.10990678443438062,0.5075744901964252,2.496269309831129,0.037553757946545696,0.2188239951979548,2.3284133293078213,0.04384287948448551,1.1434226352564503,0.8254427386828435,0.7151597123984867,0.9236844531872039,1.2611148283082736,0.39439169029198196,3.9655093239728676
-3.2212617552445164,1.302829657701389,0.454577105878357,0.9525369562653128,0.06427920025041356,1.3852724885062209,3.5051567767491107,0.15639644732027236,0.1241910137853951,3.4607186550139484,0.14996128015606947,1.5587724356722232,2.7798527495001126,0.32781221833720275,0.21642118149137213,0.2582175318636576,0.6828112973901148,0.6980259394289211,0.3499253454268584,3.6809966419258537,1.5032516188406921
-2.667343359841972,0.7744747606151088,0.7749830792948034,0.3385289769167743,1.5372086309865027,1.486799343468701,0.5228026880191603,1.5786810498610835,0.6087256925696596,0.3805880802796502,1.100475486471049,2.1594982714999595,0.3282486525994577,0.9216822313162275,1.2579195493809254,0.06438568276069179,0.19084460517971147,0.4254768907867572,2.9701612530957098,1.5022349669602013,1.314125972794721
-2.681361926604322,1.8312465955897101,0.9803325855377776,0.12634378450396744,2.667286885813979,1.7569774227892587,0.7333661634873399,0.7408761056418254,0.693312803720532,1.1491501479949862,0.059943145048356294,1.4061860634320134,0.20965865028632014,0.5819012738548146,1.3809308216661385,0.4024555078497044,2.5677845123810252,0.8402592968551533,0.25402632174293027,1.0221026135679512,3.9802679109975587
2.008079543201833,3.681610284372351,1.050422581457466,0.06444818390354867,1.9261343041639383,2.6089139653706113,2.1368123718128857,0.22192488466491667,0.07778623174732724,2.4868393360221566,0.7810250115813666,1.3222826872191358,2.66353009074918,0.7211120720297602,0.6319067204193143,0.8976864752717907,1.471626085325231,0.7398299264505057,1.1131315033107425,1.6836545793849051,1.7290924638597525
-0.866828598970685,3.516276646058703,1.0266985488479894,0.4848617127600692,2.905903844113587,2.496680877540085,1.972602477849767,0.8104320475117253,0.4040814974378424,2.7139536336691923,1.725977007177453,1.6860329080533778,2.117705057818444,0.6171712762253195,0.2532039524840468,0.3698429076685128,1.5413017356105279,0.7382611795449777,1.7555442040348979,3.2972762585037936,2.5284415815677925
0.9254072564839353,1.0104630201861209,1.5155468663082423,0.22541364934813068,0.16364519398696642,2.3356891440138243,2.602324149553584,1.302597561978366,0.5134868894088132,2.474674472718995,1.8557148407601105,0.039072411262011886,0.6474649531921232,0.759219224015411,3.6699999020965164,0.45739837837034236,3.6990144496930557,0.10578275371326784,0.17847539981043892,2.581770706925207,3.588265038117245
-1.5651557797456659,1.3920351714773846,0.7102377231901691,0.8099800347996826,2.11736904916454,1.645299323061275,2.6494288502166965,0.8725764144157029,0.8070662904099175,4.006414835401513,1.3830325658186433,1.8881812688845367,2.1675425142404903,0.9215156538792738,1.2691085153818795,0.33940211866058323,1.4634463676357643,0.21487136606625834,0.812124281202705,1.555489005422825,0.13371506426297364
3.605859905494285,0.730354926321235,1.0292129647782977,0.08414594248547314,2.247625414312782,1.840355869517804,3.841617099644187,0.4049503017919449,0.09896631052182925,1.5397963143948008,0.6978982074266042,1.4757494319116007,2.937141101765727,0.739689777496602,3.469662308176442,0.03789251979429198,2.87096987923461,0.8244211022712967,0.7358781363511036,3.461943840157207,1.6125179804190788
1.0182167767537893,3.6071842054839682,0.676819438299409,1.8531308988037283,0.8718914896429149,2.202809181393939,2.925148128173645,0.8877791609555425,0.4725317281425513,0.57009889375983,1.3245143733900584,0.188466975513626,0.18088201111883373,0.2079526338035833,2.7860486588052154,0.37684618171520834,2.911748933499669,0.2464277585067911,2.435207222623061,3.2712157548900063,1.583307688968877
4.135608518521579,2.82611265268719,1.714510900566015,1.8705258172075954,0.31415400961324613,1.6991072742120048,3.895662233707129,1.484296194699647,0.5673418480509234,2.8014051939033466,1.0435800682419374,1.4838701033651314,2.14475344860383,0.9098169022305962,0.5050413080058682,0.23038168535930326,1.9193712938033132,0.8212254165143357,0.07620173601133862,1.3364259837926067,0.256821061082698
3.414456802245949,2.906633846248563,1.1493525296144986,1.6208537949792279,1.757592525609423,2.3256304041489035,1.9992671439065104,0.19203018449719722,0.5359836933524262,3.8455442511093514,1.9661033805019463,2.438311417588095,0.5369090000102942,0.5408391596928603,1.6049833192828045,0.6812203910410204,1.5541692758978765,0.24332978938765026,0.5218988200305154,1.3223228403902372,2.95382848339053
-0.28986664606867835,3.600351347238831,0.8228089912808934,0.3766861568660138,0.9276044651042031,2.9596368172905914,2.224487096757792,1.0234425277546837,0.18426288719633588,2.175934627893324,1.1180387682595374,1.9863093309372553,2.5860308128859195,0.652922706369973,3.1836809975977287,0.7422241080746512,2.7751219192072507,0.6502920870714971,2.382344928656413,3.3855630461157866,3.966540383664454
1.32109796361738,3.116655203077297,0.6522613694843153,1.1746364467810233,0.30299643648184904,2.367617069087178,3.705701187471329,1.6872328894403243,0.5867830641276354,0.41766942998107015,1.0142670934303184,0.42581262015670907,1.8878331442895937,0.4810775771326221,0.9170828897888481,0.38737498928866787,0.05391201759808961,0.3736528039898086,1.3476211332841468,3.6073923371714263,0.49389746781784627
1.4404948732024643,2.3966191224171696,1.2086708827202033,1.807021111323357,1.8230907350520718,1.8430079449990349,1.499444803195066,1.987087304141045,0.7859110357501401,2.992969343432188,0.5684756000429454,2.0395748790989714,0.9451603834943395,0.5634284482751936,3.3169043594640035,0.316908930493342,2.434275847900274,0.1719691030848186,2.661966846538954,0.046742088078414734,1.7127404255939904
4.701359276152219,1.1645009795914993,0.9440321632067326,1.9346845294727022,0.08600791862911228,0.4748536177593784,1.3509794812850728,1.2615123548559355,0.9980687158469324,4.2303206870941334,0.8046314373455159,2.4914625586078554,0.7017962884051575,0.8274477425007254,0.1982046855061932,0.6299526213207919,0.5509224980559742,0.4792792371510096,1.9391796750855674,4.7663354070447985,1.9671954082459764
4.7046814868689735,0.6055810576297285,1.9657397684929325,0.135078429866629,0.5877197788432041,1.4291589426405449,2.903921236766066,0.5709466595822958,0.05272959838425939,0.9162783568322735,1.313665158007568,0.7796746264721729,2.0488555431064817,0.5883199870134868,0.6544510828102741,0.37737083519131276,2.479999673500412,0.4502770635326061,1.4462770633311082,3.0654169423497684,0.4070208546947387
0.7648462498917179,1.3406986365977396,1.8541279009755443,0.6351721434343707,0.8054814013732842,0.850947520338193,3.304334403255923,0.25204351564637495,0.04267885407789973,4.564845956931579,0.7511431784014668,0.44654335700991776,1.9031131258549228,0.4700325577997939,2.0434916431039847,0.8953492912953431,3.706452432340618,0.36509087532664974,0.07965112436324806,3.7340640233602946,3.7354868981207643
3.858079382866741,2.6302071086312777,0.6903235176011684,1.393725942151659,2.9517590738815107,0.46143679575642527,0.06728835200597372,0.02671140629226998,0.528934496340423,0.5182613220042404,1.6258086353705234,0.32665385292232085,1.7819698222591,0.5840912818756739,3.0816186724056966,0.9579924972407872,0.8066411043472619,0.2174157292154676,1.0418660969531301,4.209202408566213,2.3507243514318032
-1.712115155186384,0.29337017453047265,0.7465568491666701,1.2805307510598656,1.859293697347908,2.3316612585875145,2.7556090907536697,0.6763112421053807,0.6033794622457134,0.6341190581652595,0.6095703489912376,1.9026374262924537,1.9598339656998203,0.19211343885819454,2.9070895712642075,0.3300730727755997,2.417559801856061,0.39226914633818544,1.1973182699601421,0.08713085161198564,2.1099987853552125
-2.147435970074765,0.2200255816248946,1.213485316216517,1.2652466272980187,0.9686520787867736,0.1768894001820901,0.8642101711728714,0.9686403463714939,0.08225341709428347,0.020372084297208826,0.581326113851063,0.45610428085946064,0.47750639369019066,0.9605679504963466,2.1037883051385653,0.5712375326924154,0.5880513481913914,0.2140216650020791,2.4909032028556926,0.49084893453198275,0.8070606665574189
1.2326309182325883,1.2927792556847058,0.7885042356846643,1.6575012981586206,0.07190048397422377,0.23736750454520283,2.1391150083675714,1.0923820934191444,0.7098156723273955,3.922945145362945,1.264741982599364,0.8784348305849551,2.6678736538301053,0.40825897034822645,1.0953138928835404,0.5193409243610138,0.9733062238949559,0.41020884018302173,0.18609832545125216,1.7808438259747905,0.05687388163081142
-3.896357320348706,2.3619272178519446,0.9404734284430178,1.4262208534631955,1.9099683756434418,1.9927153880682522,2.709342391988486,0.07207874816436077,0.11613839326515707,2.8023922470891725,0.281325584049956,1.9438401310574487,1.2894245059321028,0.8207489358327571,2.8459664559455042,0.43304066611516645,0.4372031931575595,0.9356401946307812,1.6745240320072559,0.24051357113402783,2.079330168330444
4.52105848289477,3.415594268502567,1.0206355899520156,0.6709604543305161,2.9986712202399626,1.5700349431530194,0.45539015839316965,0.12244890244830375,0.1973024801128651,3.302600683379984,0.7693092737037894,1.8408167785352845,2.7710269909193146,0.33985673922805026,3.03508525223282,0.06341461628745115,3.104766182871893,0.07218367421116967,2.9925264614244336,2.9849158754661427,3.606914446727422
-0.2537108433908012,1.148249700000036,0.5439167187894882,0.3353893536817274,0.04198583843331405,1.3392206687392436,2.779633447090259,0.0463215054043169,0.7792854566880633,2.6091112979755677,0.9977890746823275,1.3424757161234502,1.3776129425875305,0.04529416294261024,2.622405634410063,0.7126693563440578,1.9457150240499201,0.5319045263713983,1.8182054929617697,3.392342149221643,3.177464752519406
-2.5390719353851505,0.6922689072591686,0.29062387835061987,1.5293796326426374,0.3583631389732226,0.9204913411056787,1.063841452439343,1.0147788813667815,0.4558789139775775,3.9787307366285045,0.2809488261983699,2.2297723454858414,1.8887655430855914,0.8407119950122374,3.118868757583824,0.7789641132024625,3.563203288359214,0.9753936252176171,1.1603461274114655,2.477267072621847,3.9955250249640764
-4.591501813076305,0.5360848239953713,0.5274285226736952,0.7186301249622047,0.28115758880459674,0.05185536414911185,3.1593422916798244,0.5331820483429297,0.30884964291341865,1.2582207581322713,1.7166682337755712,0.7987670278903857,0.365428450539931,0.1310146066653286,1.2384101267074312,0.2322252641521545,1.1810379295742148,0.6607795816508594,2.043299311842281,4.577526338351964,1.2642868697198772
0.5527666140676697,3.978615314577178,0.8224657535719035,0.17600956329124706,1.03329337279737,0.8805805242009471,1.6248081574503273,0.8906115295924097,0.36767577929861395,2.6524075247015357,1.2909651693230877,0.8412421992972382,0.6920939569831998,0.017284586586977624,2.2870675962235834,0.13019825458774859,0.1683966314757961,0.8995364295597643,0.11361849175757799,1.2310142996966666,2.206018048145158
-3.43716505145898,0.7179914778775673,0.6543659401437008,1.459135199283288,1.7177266751182172,0.8033818968366451,3.940768533243642,1.947218517443702,0.7633076709507693,0.28152125395452976,1.524093433776337,1.560222330367382,0.06147439890430251,0.17694874922263948,0.8369196043619498,0.3936336408376093,3.257904371890406,0.886874866293807,0.5730528854895648,1.1942524186728747,3.1848004303645094
3.2241497358730395,1.2701872921087833,1.2743231142928984,1.7620998567613375,2.85206291609411,0.11017680500314764,3.9771285373319194,1.5955526288116801,0.18044748539497535,0.6866625270589488,1.5158831668238735,2.3120707401244593,0.2487759045382394,0.4206136313621486,3.3917622648928907,0.05954008304535441,1.0451083483983505,0.2860809133793595,0.3645643245257737,3.167539720510776,0.724385024639465
-3.1488507933997143,2.273165618636429,0.39107444812716374,0.08252776238116777,1.0796808631383943,2.4121187337750465,3.967699030709799,0.5682510319833227,0.13774285663948205,0.7099403132710269,1.3276210823330394,1.5547712032464935,0.48619347462383433,0.15018228559727487,3.9758022048615715,0.9800412441715941,3.0707870038890723,0.9325826959238125,2.5646208594113054,1.2227234983291808,0.22051692830659242
-1.7321147961570231,0.03739429800097804,0.8895446641055829,0.34973552293195875,1.548275828396017,1.001398671883786,3.4706428461414482,1.1115727820840513,0.5008608757691968,3.318839788814802,1.4258733656568228,0.940357351373014,1.0418385012067715,0.2340983241267255,3.479850414226721,0.5288140619468855,1.4884683087551647,0.6932193351069025,1.958368032102015,4.655772419844017,3.5882049061285306
3.8312916348308788,3.6025944846203677,0.6213942882312176,0.8401948297999666,0.9146241459138915,2.6756600537025896,1.8598170728166399,0.3951759861461823,0.014902534842212378,0.5391976085212641,0.6783540538772195,2.8441726745971456,1.1505006706750955,0.11516194457683415,0.41389701456639605,0.3791673242077803,2.090133103032594,0.9593756798478547,0.9011647511306713,1.3827827334361693,2.5759087978555764
-3.1321328471842724,3.9089657236903483,1.1305291061372764,0.6812131586053685,1.489608396776831,2.431059700563298,3.788852347432534,1.581201723292283,0.3472942919427935,3.785172821015883,1.4464555929319265,1.1987911456996236,2.1498434679768046,0.29313527384294014,1.3302350014181328,0.1598144952943441,1.1427369269181087,0.4051521669219741,0.5759179790625962,0.627557745806917,3.3614113142012587
2.920340261397613,2.2275787165473395,1.9055917108449119,0.08953783161025641,1.6405763353548344,2.89230362262911,2.606184734921515,0.17523929057375653,0.3377372301390047,2.2712746693907206,1.3253617204803254,2.8704726515490298,1.4422510646243718,0.7643774695504321,1.4708483128470902,0.48415187008539073,2.529073623999043,0.026801188988252123,2.5359297077332363,1.2687378268445322,0.9723471063259645
4.584939638512742,0.33909537357676056,1.9964770603125608,0.22578262781717506,1.1835795973575254,2.8731421915065054,2.1021582515452626,1.6758509267746944,0.5046312807542956,3.470638287402159,1.5478373742141274,0.4279061896676859,2.6183597608873503,0.07433868412525169,1.997521564500246,0.1223771853028317,0.7717199809975974,0.5653953400215894,0.7555609712361636,3.4253089624871436,2.3486059019767724
2.0081253446819676,1.3320098629164003,1.4260191203324646,0.8760829757299549,0.09491369769147961,1.773496514784054,0.9030387214944007,0.4825251079628117,0.4923791254302775,1.7836368725930423,1.375974622704395,1.0927457396424662,1.524123344740178,0.6283531707238673,0.013327037469896386,0.3957495937541975,2.071242652992629,0.08059247159085459,1.4144868388083305,4.68910285917551,3.875510115277159
2.737604240891519,2.913714705478688,0.9123542588218718,0.14214640804722434,0.9657459767898042,0.9345099581102254,2.322056711368926,0.8685246285595947,0.3502956175858759,3.840088586868368,0.05228583410654242,2.296885144082237,2.949104520947553,0.16083865117501572,1.123233521464552,0.781790037029616,1.9062305777158572,0.9411667019748947,2.640177636739538,2.205791474584562,2.6207331003105994
-4.021302640448627,0.5697414933672689,0.7964895848058384,1.6324902153144087,2.405971265362542,2.7552621908401824,2.133834166775279,0.8557231544643047,0.20238999804470736,4.086638704290012,0.1302177712627921,0.3597463485982261,1.2786458613033256,0.9390704168678269,0.7035719316887019,0.2396539131858737,0.5783415524119757,0.7363868918003892,1.9182033966109056,0.19055564997157826,0.8939944828556698
-0.8038490438015896,2.209875757990182,0.47913623062758615,1.7322312965853692,0.1990805229576228,0.15195136869405368,2.471351203117216,0.20423435914251042,0.15994411234558736,4.633718463372692,0.2649073571059919,0.6306589527026327,1.5660342893733628,0.01984313721867681,3.447022006312032,0.00947700353594394,3.6284424988386306,0.6538013888815618,1.838927797468146,0.09475469717749763,1.5517186606658706
1.6685814173159135,1.0921730387347424,1.5475882399862897,0.26223968383776364,1.3076528543833692,0.6772280441801042,1.5926830403769379,1.8176274683302016,0.5610165214378405,1.0351878212619785,1.396513118728177,1.5452454397004654,2.8402330869324746,0.34476131915744357,3.0468852396975707,0.40024472074524753,2.0239527633384435,0.346508651375643,1.5463089894286033,1.2311541857021728,0.26743073615848845
0.7257746203145505,3.897980552349039,0.8508424605993763,0.38643889934765085,0.4964791597987046,1.0881182960221347,0.2552242949355037,0.2980226249002178,0.4461756149713716,3.004782615075539,0.22597331383651298,1.8532055555013147,1.544454294649662,0.11577097295298566,3.270472776899803,0.9158817399990342,1.5678010503852544,0.06111160783466829,2.907014044682758,2.2916849625209808,0.3198196417576775
2.9000281521760476,2.6711476245801506,1.971387766830353,0.8749855035476601,1.1098796863858749,1.2367671046814608,2.6319284657104167,1.8151360456607473,0.8552990260645121,0.1723890247923454,1.093427385874243,0.003887255869012729,1.125698066693878,0.7817896879862736,2.581613512028717,0.5849590266658334,1.9116260121228352,0.8546985458000165,1.5621827129959018,4.370830445019649,2.1878272645296364
-2.353129019935363,1.0226131457365586,1.7236078894853293,1.9418506493539684,1.9623141834475093,2.8338638870650223,1.0021480117779364,0.02090716111828561,0.9111806228478045,1.4649488433090996,1.4660343993980391,0.2883109451322814,1.6715040519364814,0.7579026774006018,0.8378601403498109,0.9871012605197259,2.2261224797218153,0.6521438665467723,2.862841504945011,2.1683651454273623,2.8197801829051325
1.5638293967722847,0.43324597673091514,1.4211487773375389,1.5477219285552488,2.620324109467236,1.7381476350788834,0.17962877440841352,0.34706877008506276,0.8765647930363808,0.21150493536916004,1.0814063132604081,2.152869813050355,1.3658076212550732,0.47741542948954485,3.3015466810686305,0.14769879678232822,2.8524108324783546,0.35135558723048876,0.11490117277408818,1.6242296500425986,0.8407797461579527
-1.483790868966685,3.104722892695529,0.15409592697006969,0.26355294341884505,0.5373807425190572,0.560280453379144,0.918850512815292,1.678277309046528,0.9654292256638625,0.48633873888741075,0.6160789263722632,2.5658278196023594,2.8337892101251563,0.03182711657092918,2.460708888612824,0.25217561465070926,2.271522482638155,0.45820702587701134,1.0179518551484388,1.345026769986103,1.8157302385556942
-4.146670655655075,3.129911970400808,0.4632729882716613,1.854359727362645,1.0091672820918411,1.7894539958817597,0.19198154158949832,0.6205092736571616,0.2023113059465389,1.5045825323790851,1.4037704571459226,2.825156848376662,2.2411795708712763,0.7352148003946913,1.423018289520174,0.7398995083315122,2.1348855217812392,0.5256423658225312,0.8268347877463305,2.6757285502294543,1.5732572344718165
3.4257662430067652,3.0464156572299763,0.8555263872085732,1.6555931594914177,2.650449931728118,2.8012688915587605,2.1008427525339726,1.6979713511352181,0.7263758589061642,0.30133310565207627,0.9198894308642009,2.4211248391141598,1.778268236497302,0.6295494856220315,2.6567743075644747,0.5803099001951378,0.34089501782900067,0.6883568191104394,0.4648046694750957,4.280971104759155,2.576227479266492
-6.506357889059015,3.657612453077295,0.41507457092447275,0.7854633307206527,0.7827988359672522,0.4024144210794809,0.587516286770581,1.8226878990592377,0.5713180162218394,2.915889599888248,0.37691642895029687,2.4851111313852567,2.8037838578628684,0.1600451451109025,1.1687532611594516,0.8711202037645971,1.8971159829841864,0.0035972436420587117,2.9378756702192472,2.9590592530954263,2.666507155843163
4.595241540531466,2.6344911277696905,1.5069900629621718,0.2811412922500325,2.4271579736320503,2.946850590860044,3.3138123490230464,1.7998022328836805,0.5839273296107189,3.622082852183855,0.9000745352845518,0.389147215670292,2.5738387480428475,0.6216796122838063,1.6680168626909508,0.30243457622990333,0.8547568803051049,0.4642028564132139,0.00022550324702119706,1.837629867017464,3.391052080583434
-2.984977121598318,2.2734703262917297,0.9158583525264583,0.10427267838570442,0.9403542530684664,0.4616269596690956,0.15805750766935667,1.7344572570638166,0.4567218973156585,3.7538415028254537,1.1731015009255545,0.40288532887132167,1.873356959288297,0.8951037348429441,3.782743697366494,0.03584176672279493,3.1038000776672985,0.36197021830778475,2.0784619887769766,2.693153348693455,2.6945284055203995
-3.360623321785058,0.8070227698119132,1.0504976125502983,0.18545863083761072,0.11489168554463347,2.4621844123752235,3.0923134521029314,1.675524378644906,0.5821108435172543,3.490497007172075,0.9910304485884696,2.1532941603976026,2.3015612761083535,0.7310565938561528,0.6443372504504947,0.6695770697083486,0.5428470827660048,0.7688923107277068,0.10632660198697985,3.601757004205637,3.6962246527096325
-4.581871078272126,2.7931855022070446,0.5688438022592841,1.7739792607270293,0.26396568858728586,2.03260942424051,2.324001629676563,0.5072856929216385,0.06774828417340106,0.5667938674231476,1.2069247987415381,2.694024608886547,2.3952777268640113,0.050364621247748986,2.553297074061359,0.5774299639462376,0.9068104260453542,0.6480303399869547,2.3035424916201257,0.09988989095336687,0.4841776509649942
0.6675611875008303,3.8087816392619094,1.3699372714251716,0.33630193443206147,0.4793633601377636,1.2122677790586893,1.270812058726107,1.6860162568546084,0.005950522622718335,1.4347970948884214,1.786593249751139,1.8546949289045211,2.38929380343106,0.15445236476576418,0.9302504177420889,0.4000971001550424,0.9148244265134746,0.7031955820495314,1.767931024255978,3.7898686882250843,0.8338093231861796
1.253016358507427,3.5598531485680205,1.2508438209913477,0.7257732238307957,1.2364786276343427,0.6518611240539188,2.916493066637601,1.2352561821398451,0.4680117494250532,1.3107230171971422,0.3032919949274371,0.5482354610552015,0.2717689262409302,0.566541622873987,3.1667518484997377,0.03716741753733721,3.4637137092694004,0.2828638121547319,2.471167063096453,2.7559787572127514,3.30919102814631
0.5962129546923649,3.974269451452695,0.7297386031274231,1.308563771511816,0.6595546692947472,2.3207542056963875,2.5945175967628296,1.9683539277458006,0.790227742596574,0.3311403221693904,0.3287336100269609,0.7524326600706917,0.07698145498056541,0.04096788643381899,1.6264942535906002,0.2554560041564683,1.4679536176596963,0.26784347224046023,2.775114638865209,2.504263206628015,1.1266173096140393
4.4907455609356095,3.274814040815702,0.06650219988035566,1.2096439067199911,2.587775474602716,2.543087787392521,3.111590188316619,1.2210802936322636,0.922948857966248,0.010884749635396984,1.806451900237828,2.251855620969782,1.0621600161930758,0.4174193648090414,3.463975746212437,0.9403507588622013,0.2111533183311134,0.29033147812120086,2.65936121861686,3.4171016314006417,3.3032950682902196
-0.09106968750106692,2.1804886647188795,0.607714815243571,0.7899857444921343,1.1629327217830456,1.589098859612986,0.2592130429031885,1.3033967318339492,0.7202414025569202,1.3467219983176704,1.7132775323104332,0.4366474174184609,0.8484047236372961,0.036738232607189336,0.9028416901928371,0.09686126913189341,2.46325736097335,0.25213599038012935,1.3695879659590675,1.588955774709655,2.066888809964114
1.9942637658274205,1.8050162198563933,0.35538987491227014,0.74921080038331,1.2703439145687074,1.228799158536328,1.7390935698796937,1.3089303237809193,0.12593103385003823,0.16905396916050142,1.1993855480682734,0.9047018347817894,0.1671497479261228,0.9351419636300992,2.9053859294362114,0.6950197868637392,0.42980888449675003,0.5543377858633207,0.365421009844326,1.6835320232347661,2.169126629938715
-0.6202214033712905,3.562228751715429,0.4885444241360486,0.12614554353694407,0.9769451129709349,0.054923839943106234,2.00188883744576,1.1046546203881897,0.7190924664721432,2.3393123737403383,0.2528931820029128,0.2377138008772921,0.20347305041051023,0.9921392469723388,1.578743916694409,0.9791559550326759,2.983117153234015,0.2437703411894253,1.0781332041884242,3.624201684337603,0.7482851557825443
-1.801167377506315,3.8930591644746757,0.32818428901305463,0.8579180556643238,2.625867784804334,0.4459788385519373,3.7264026238076218,0.37146020280496606,0.6154942694172914,2.7041327677623057,0.7656186629919639,1.5424523395499539,0.3050393860917694,0.5501324942542578,3.9259319703371616,0.7282239006261112,0.5358188812572298,0.9545493522305958,0.9268704431700553,2.3288798931389976,1.1160022864900458
2.458716086427309,2.3736453182758788,0.6683182493978004,1.4394418521078336,0.2582970658889887,2.4130055701875577,0.7731854626294794,1.9619527417013731,0.38671840248484035,1.0238773848093818,1.3187167046829524,0.9079765902970901,1.8500891918607474,0.8169196240698765,0.20396586857004628,0.776410804424648,3.973507491305175,0.43772749237222575,2.9497938157444024,0.1379714368584234,3.0809054210679205
-1.7142972112095154,1.4642979908818834,0.18874585660089993,1.5360617800759568,2.839429979667873,1.2593343707941214,2.262134883022256,0.19187326927001136,0.7852140395451432,1.1439919955107036,1.4143387344441973,2.6321031025870303,0.6061962778397062,0.36915212959863075,0.2766687571325428,0.2506002974104472,2.4125070053900957,0.6299872032985078,1.6728862863464045,4.51181932133324,1.7601164533611668
1.1267737229060126,1.292378771864998,1.6242569749582074,0.3887362913628982,2.6998654579840853,1.0176527108225792,2.2268039940672857,1.4965257613802823,0.10134406065256263,3.266655436410169,1.3480205830862328,0.65451278134573,2.639496896526165,0.27751833106437074,1.514461715327776,0.3707944924512706,1.4621140894488849,0.08053945448948319,2.938825033906255,4.327066015669903,3.4347105357157504
-3.275077436659606,3.485693020194792,0.8560647732960143,1.7257415381841983,2.6726690884343007,0.8914375514165936,2.80018243903626,1.0492368204372648,0.4029378712798378,0.09810954998434207,1.5823593855641525,1.751276369721945,2.991025050152771,0.23404388007875176,0.9050854660675527,0.6678209591307737,3.8891024741348756,0.2560651220010519,2.867323533140199,0.6571614636839146,3.268404664037072
-0.43431998141010375,0.8625362519535833,0.6937102413001655,0.05744390655942766,1.6139279970690978,2.1539579806902944,3.0343105740699303,0.5815194498466867,0.7423966768332791,1.497080494655565,0.13406754165489287,1.8242512532075672,2.351156319614457,0.9150716563122874,3.949695125602221,0.6290611561800986,1.563219567160501,0.20150621315705264,0.853938837766997,4.49274234096483,0.9872490434821737
-4.815698643396235,2.9397807542487855,0.7584449325538534,1.8042576333249432,2.577503740007124,2.9934215439419747,2.947876807942557,0.45638150508436914,0.012433811311998055,2.4020778914438665,1.8549283365168285,1.6809013297664124,2.175583023924219,0.8090033376342712,1.409290099987583,0.6845852819811847,2.0597819250734455,0.8473991880918627,1.1678588668106649,2.6243893696878047,3.9316559199025876
0.06994851701357833,1.4624763494687425,1.6188128105515862,0.4730917598467266,2.1219873426687386,1.6557068266156076,2.4630254813399075,1.00747832182806,0.9281826700122521,2.6063685663496106,1.6329162382542346,1.0537578640807297,0.8616395715143547,0.6144028189612191,2.7325000052825823,0.504718922494625,2.840474041886489,0.8807898314784897,1.8945690848402117,0.3613667056930331,0.5997939016046536
-5.394561412708374,3.2064103940110407,1.361589500106558,0.2571685214619266,2.054635731767216,2.6696881356285047,2.5434483460575734,1.8639143237664706,0.4602234859771964,4.794990254851878,0.7845192374311412,2.938730747614081,2.151302774743491,0.8039205530027025,1.446843056965434,0.6639810127541264,0.7513941099602324,0.7230014723619758,2.630086275378459,3.3616597938074677,1.8980539976330033
0.5574952702052364,3.130942367901505,0.05716649432283405,0.6357515760587205,2.9265959855400547,0.5054048611927923,2.489774608780238,1.148259555497302,0.0696250184596321,3.8033985753956383,0.11772027822350029,0.9929372530357691,1.9521999532264331,0.7786671838150105,0.12347684202988285,0.30798723957180985,2.3784778064369525,0.5514168286947997,1.2762938161938662,3.098443073030364,3.41782444261423
-0.406353190700109,2.805421516946772,0.75115594994062,1.6975225910327618,0.7725895780836549,2.650692888463313,3.63583759726621,1.9794892316580195,0.9099308711460112,4.017132040359924,1.8567864906960956,0.10063609222916792,0.4045919462806207,0.4843241465433512,0.914776290825893,0.7177778133749763,1.3764581085500076,0.9175446606185174,0.654926532739517,0.8205807512720387,2.3484664085539557
-1.587066845940927,2.4911063464127965,1.839451853435348,1.6645954934224534,1.8914478008758198,2.1083269122294936,1.3943267323156245,0.8595460500400156,0.12330449992062509,1.647803127235394,1.0198034250371284,0.1378947871431916,0.19443288407211523,0.12738855546138728,3.7353560491575015,0.1038828949208197,1.2281058993519736,0.13747218929159488,0.055055477858755864,0.26445782479845414,2.0013277822309323
0.17003245837797776,1.9747305829884483,0.3438264966757758,0.6913027049638794,2.933914277660909,1.2663259618343319,1.5719066943568762,0.8327114964244617,0.8947816630805324,1.8838955358331877,0.2573027755140065,2.0019237609523772,0.9155744103132355,0.02554524549282844,3.5403584254285154,0.6459224181046286,0.32784310480754186,0.6957490091814991,0.26454334491017095,1.8702873621897735,2.375638622238513
-5.117081566322199,3.362150800473955,0.9000326805344778,0.47994237667484096,1.5775486264161107,2.5899448432811316,2.8834224241568513,1.255754606549588,0.20506002268831724,3.4352830185179966,1.6753804488737583,1.0827685241396656,2.0822694206788688,0.9267290695041329,0.5149775174307227,0.7961778637806171,0.004595368511929543,0.5705016103531297,1.274139352898943,3.275329709818035,2.5805553075390333
5.827327078323824,2.8483879477745893,0.3599644641665254,1.0715751069750605,1.7517557835290254,0.7051296784275328,3.590350213357818,1.8147366574116204,0.9319887858886703,3.536264340112674,0.8781112137829135,0.7068147540362395,1.7662714443262915,0.11793201649059415,1.2448214586939863,0.6856859056538921,0.24326697970053734,0.3377967557495375,2.1765828279529194,2.7414469688561804,2.1667516662479196
-0.48876179242902473,1.7756359256634098,0.6170342493400465,0.5429338716422254,1.3457073544216875,1.6912519902895142,3.013661260076323,0.13884547763925958,0.49792913884664014,0.5542324567257623,1.002674225163786,0.8757893583259978,2.1519209489902047,0.6392411501533466,1.4390064844816122,0.9109997298062116,0.02603327364601471,0.7580817762580508,0.3893765848499918,2.853327272596905,3.812321020270778
4.625275798674859,0.12413944453333059,1.977963314925559,0.0688617488887533,2.1203896257975483,0.07968075281098363,2.3354471566502535,1.1008062860427577,0.36000405660710144,1.3387637304612383,1.3716431219316527,1.716376652157712,2.621849881589066,0.5053696177775608,3.639397118433083,0.6243175627155619,3.442874203201363,0.8352328998114885,0.4463312396779633,2.76285827331825,0.571711246501688
3.4175507503471687,1.4529590407743922,1.845687072182248,1.2541711804429665,0.0922562524064654,1.1401543624099748,1.3053281364326677,0.30921167026926244,0.16087119289331653,0.15266386783591657,1.1578855763855302,1.8499038826884675,2.415975120698878,0.4046783052946149,1.8490957400618635,0.17679286417070517,2.5584384000255724,0.9196535002154846,1.7792438036205045,3.879706718916518,1.2206582745080685
-1.618995446253277,2.922887165641355,0.2637558264142361,1.0404009218913728,2.9425013489746457,1.0855052912302332,2.641589720198602,1.4371216006756746,0.7263759711212998,2.00496984685969,0.13884349224561987,0.5930543734620408,0.296620757268065,0.1460669310791849,0.9913735714472423,0.9081148426295991,2.75928526570931,0.10722792155506455,0.18924770122052503,4.102727805191478,0.6261290879885744
-0.9448158604136021,1.9022662923345663,1.977191054330087,0.08391162820084652,0.20480172001644736,0.27373057478954965,0.6403845200677099,0.2708138039534187,0.8352748531048106,0.03061103836946688,0.5020926946205986,2.9769022580827342,0.920742755617901,0.18158484460639124,0.6461826876228067,0.6767042159837509,2.7749822628260645,0.49464173006315904,1.0993588592830825,2.039158130596137,0.9415305268843221
2.9662817160447563,1.3776678804880107,0.13915516427876917,1.5149455379182974,1.7764487934008844,0.13576060121304379,1.4214334329911198,0.00909293280246648,0.31887889577468687,3.344358544390593,1.5117265992036648,0.8878386372097791,0.9262130215108618,0.6000583243332525,1.6589255759628725,0.5200617829495533,1.2575595374634552,0.8618245793316762,0.6747029433283214,3.071061620146309,0.01644069044838181
-1.393971543489179,2.563521739984075,0.11487846342831487,1.9766995259110038,1.6912873758842475,1.0273545398843198,3.4965489083633727,1.0750323521180378,0.9780653647022644,4.344496357092048,1.2255985567818826,2.6421932443129617,1.920571914459242,0.8440580426459227,3.903496644130727,0.33747858164624356,2.5524058555911724,0.5946457521874006,2.4220002843023924,4.029086842671688,2.70117631877357
0.5125025128142304,0.5048212864575978,1.7357650550037633,1.6028019164456295,1.5312601077268866,1.066241925948845,2.2513181897670855,0.03318560376855628,0.4727111859071662,1.879115369300635,1.0758248113724067,2.1486877351122025,1.002249898567249,0.534615669238186,2.923973975365579,0.4663221094916401,0.9255070829351526,0.9468772932201103,1.6729775619257696,3.7567724713296498,2.2842227691251193
2.3607176773912664,0.685861043856999,1.7276841619163523,0.6879621726519818,1.3090625085965206,2.9875147141460068,2.767801119757279,1.0710290710057875,0.5661443961871607,1.4055521601531917,0.09110380529708784,2.418321058270501,0.6456890878706021,0.31763955734521854,0.9757665365652657,0.06954517976963226,1.8851342715312995,0.9666674639839979,2.707616748380394,1.9798382335226272,2.9833650081326524
1.5173550929289248,2.9483459747540866,1.5196471353136292,0.6707824850172202,2.04249677520509,2.8326137155604623,1.3027088012204118,0.09138413655038025,0.1466844092260483,0.5067531847469475,0.9411181638533248,1.402730775728946,0.05520297430113896,0.7536186365886143,1.504961887770993,0.9909398571358311,3.8958308879617487,0.7835525813119663,1.1021855698144514,2.0363366791626465,3.569161856721082
2.7318770283514686,0.5081175742896096,1.3907192177478176,0.7031428059955283,0.2832800338432282,0.3934323355151891,0.8765490789706338,0.3079587316150445,0.09974441817026347,4.028578955370014,1.0130056099900173,2.9245524188227807,2.5889572000658747,0.1793315360395935,2.894080972127721,0.12191747895237204,3.736796224027906,0.8955465743427453,2.0125003628706026,1.6682643275144982,1.0926969437396106
-6.863775749417431,1.4785994997865073,0.9690230410297196,0.8858913586958495,1.0413329684131414,1.5550651664243604,2.4462033649151107,1.68602089444857,0.08651712643359188,2.4213705796672,0.18756719922678222,2.5214926614822475,0.3336151578593912,0.5634991755298571,2.1546083324847327,0.2003457951449943,3.190906344454058,0.4608339489126474,0.4106486926180264,3.6949941298886473,1.0634155880987262
-2.033836979989889,2.4173360193441056,1.1213437900327894,1.1589868704391757,0.015549564948331929,1.431736126049885,1.987386411309381,1.5958588280962491,0.7530138272015605,4.383375235524072,0.24983689762346373,0.8381186956424928,0.7562063365818172,0.6477571056480582,3.4693669569318057,0.4082139976942446,1.0582136836668474,0.02493629671154307,0.1964659291907358,2.294647662873489,3.5182150342173837
1.1954978392041473,0.41241775542258896,1.9822156910001565,1.23512181847169,2.0300922387730456,1.2033192259815748,1.2350782763579153,0.6071886277664242,0.7422893000936377,0.7611086981524556,0.3305928733841199,2.488473822954135,2.977408933103585,0.7719072094107471,2.7130856976498947,0.8730241890933651,2.3155836822764155,0.8837277028754477,1.4978829063857138,2.7606866579007776,0.4087473257110834
-3.053645131617964,3.2094967293488406,0.16633053577175327,0.35423497593432063,1.8521695423753393,2.7918432049952533,1.7673056011158748,0.796986774495513,0.31550635869719323,1.0985816871627003,0.6000447533209927,2.665051209597459,2.4836279492543016,0.8458198493221214,2.3925885130952773,0.13757625072457114,0.8728375623086566,0.577086342143833,1.3800756330756916,0.14773368244706597,1.592755032082644
-0.620041164822696,3.7822129433684974,1.5303856091945451,1.7299635770943407,2.7976868127128,1.5460084408493007,2.68393497361634,0.8985882085893759,0.8453144272006997,3.6663554791322883,0.8427411432120793,2.591567122041167,0.7351668180201988,0.8304934420812066,3.682709686780864,0.6800718132954502,3.586528578463331,0.525186604720999,0.2249269017251031,0.04256795325111973,3.9557745862457527
-0.8578035268462089,3.9161552797357504,0.6212925869836132,1.4205413812286578,0.8258682237384543,2.4287460557911427,2.4945607813665513,0.04107035386252944,0.5345466575710185,0.32760282938874064,0.38520185882668856,2.7366508857456293,0.1606544530406805,0.4283253428420988,2.9291961975630416,0.9432336735009113,2.241965697021604,0.6435739935399185,2.203377733834355,1.5995933085283964,1.824112911887183
